time,t_load_u1,t_load_u2,load_t_user3,t_load_u3,t_load_u4,t_load_u5,t_load_u6,t_load_u7,t_load_u8,t_load_u9,t_load_u10,T_int,T_ext,T_ref
1,10,10,7.904639538,25,10,0,10,10,10,10,10,20,5,60
2,10,10,6.978618506,25,10,0,10,10,10,10,10,20,5,60
3,10,10,6.219695185,25,10,0,10,10,10,10,10,20,5,60
4,10,10,5.674585435,25,10,0,10,10,10,10,10,20,5,60
5,10,10,5.075766955,25,10,0,10,10,10,10,10,20,5,60
6,10,10,4.706851,25,10,0,10,10,10,10,10,20,5,60
7,10,10,4.43675714,25,10,0,10,10,10,10,10,20,5,60
8,10,10,4.220910338,25,10,0,10,10,10,10,10,20,5,60
9,10,10,4.070707607,25,10,0,10,10,10,10,10,20,5,60
10,10,10,3.936902676,25,10,0,10,10,10,10,10,20,5,60
11,10,10,3.807350709,25,10,0,10,10,10,10,10,20,5,60
12,10,10,3.635111813,25,10,0,10,10,10,10,10,20,5,60
13,10,10,3.373022209,25,10,0,10,10,10,10,10,20,5,60
14,10,10,3.031716749,25,10,0,10,10,10,10,10,20,5,60
15,10,10,2.932529858,25,10,0,10,10,10,10,10,20,5,60
16,10,10,2.598998755,25,10,0,10,10,10,10,10,20,5,60
17,10,10,2.444216736,25,10,0,10,10,10,10,10,20,5,60
18,10,10,2.428445806,25,10,0,10,10,10,10,10,20,5,60
19,10,10,2.638592294,25,10,0,10,10,10,10,10,20,5,60
20,10,10,2.880144587,25,10,0,10,10,10,10,10,20,5,60
21,10,10,3.084572129,25,10,0,10,10,10,10,10,20,5,60
22,10,10,3.28902281,10,10,0,10,10,10,10,10,20,5,60
23,10,10,3.425615953,10,10,0,10,10,10,10,10,20,5,60
24,10,10,3.556249608,10,10,0,10,10,10,10,10,20,5,60
25,10,10,3.695346997,10,10,0,10,10,10,10,10,20,5,60
26,10,10,3.591791031,10,10,0,10,10,10,10,10,20,5,60
27,10,10,3.657958533,10,10,0,10,10,10,10,10,20,5,60
28,10,10,3.747079244,10,10,0,10,10,10,10,10,20,5,60
29,10,10,3.831190095,10,10,0,10,10,10,10,10,20,5,60
30,10,10,3.932720834,10,10,0,10,10,10,10,10,20,5,60
31,10,10,4.037755823,10,10,0,10,10,10,10,10,20,5,60
32,10,10,4.13920543,10,10,0,10,10,10,10,10,20,5,60
33,10,10,4.233199321,10,10,0,10,10,10,10,10,20,5,60
34,10,10,4.314984804,10,10,0,10,10,10,10,10,20,5,60
35,10,10,4.270246493,10,10,0,10,10,10,10,10,20,5,60
36,10,10,3.989918173,10,10,0,10,10,10,10,10,20,5,60
37,10,10,3.576196466,10,10,0,10,10,10,10,10,20,5,60
38,10,10,3.17883215,10,10,0,10,10,10,10,10,20,5,60
39,10,10,2.794303484,10,10,0,10,10,10,10,10,20,5,60
40,10,10,2.471265673,10,10,0,10,10,10,10,10,20,5,60
41,10,10,2.261647196,10,10,0,10,10,10,10,10,20,5,60
42,10,10,2.142149314,10,10,0,10,10,10,10,10,20,5,60
43,10,10,2.236806272,10,10,0,10,10,10,10,10,20,5,60
44,10,10,2.565314893,10,10,0,10,10,10,10,10,20,5,60
45,10,10,2.797284008,10,10,0,10,10,10,10,10,20,5,60
46,10,10,3.020072374,10,10,0,10,10,10,10,10,20,5,60
47,10,10,3.130632332,10,10,0,10,10,10,10,10,20,5,60
48,10,10,3.352549839,10,10,0,10,10,10,10,10,20,5,60
49,10,10,3.521212936,10,10,0,10,10,10,10,10,20,5,60
50,10,10,2.795178023,10,10,0,10,10,10,10,10,20,5,60
51,10,10,2.679954343,10,10,0,10,10,10,10,10,20,5,60
52,10,10,2.678187162,10,10,0,10,10,10,10,10,20,5,60
53,10,10,2.697263271,10,10,0,10,10,10,10,10,20,5,60
54,10,10,2.718814088,10,10,0,10,10,10,10,10,20,5,60
55,10,10,2.720135116,10,10,0,10,10,10,10,10,20,5,60
56,10,10,2.694299611,10,10,0,10,10,10,10,10,20,5,60
57,10,10,2.755164716,10,10,0,10,10,10,10,10,20,5,60
58,10,10,2.646919906,10,10,0,10,10,10,10,10,20,5,60
59,10,10,2.277316454,10,10,0,10,10,10,10,10,20,5,60
60,10,10,1.817895483,10,10,0,10,10,10,10,10,20,5,60
61,10,10,1.348326403,10,10,0,10,10,10,10,10,20,5,60
62,10,10,0.812068288,10,10,0,10,10,10,10,10,20,5,60
63,10,10,0.304628761,10,10,0,10,10,10,10,10,20,5,60
64,10,10,0.114058262,10,10,0,10,10,10,10,10,20,5,60
65,10,10,0,10,10,0,10,10,10,10,10,20,5,60
66,10,10,0,10,10,0,10,10,10,10,10,20,5,60
67,10,10,0,10,10,0,10,10,10,10,10,20,5,60
68,10,10,0,10,10,0,10,10,10,10,10,20,5,60
69,10,10,0.156309668,10,10,0,10,10,10,10,10,20,5,60
70,10,10,0.322369061,10,10,0,10,10,10,10,10,20,5,60
71,10,10,0.542011166,10,10,0,10,10,10,10,10,20,5,60
72,10,10,0.684387911,10,10,0,10,10,10,10,10,20,5,60
73,10,10,0.862440283,10,10,0,10,10,10,10,10,20,5,60
74,10,10,1.050531234,10,10,0,10,10,10,10,10,20,5,60
75,10,10,1.181556632,10,10,0,10,10,10,10,10,20,5,60
76,10,10,1.289812746,10,10,0,10,10,10,10,10,20,5,60
77,10,10,1.475491525,10,10,0,10,10,10,10,10,20,5,60
78,10,10,1.672726583,10,10,0,10,10,10,10,10,20,5,60
79,10,10,1.828169953,10,10,0,10,10,10,10,10,20,5,60
80,10,10,1.999315257,10,10,0,10,10,10,10,10,20,5,60
81,10,10,2.184025632,10,10,0,10,10,10,10,10,20,5,60
82,10,10,2.281687868,10,10,0,10,10,10,10,10,20,5,60
83,10,10,2.228450137,10,10,0,10,10,10,10,10,20,5,60
84,10,10,1.952217081,10,10,0,10,10,10,10,10,20,5,60
85,10,10,1.689598359,10,10,0,10,10,10,10,10,20,5,60
86,10,10,0.944420832,10,10,0,10,10,10,10,10,20,5,60
87,10,10,0.433827772,10,10,0,10,10,10,10,10,20,5,60
88,10,10,0.085753921,10,10,0,10,10,10,10,10,20,5,60
89,10,10,0.124592472,10,10,0,10,10,10,10,10,20,5,60
90,10,10,0.046789011,10,10,0,10,10,10,10,10,20,5,60
91,10,10,0.264310534,10,10,0,10,10,10,10,10,20,5,60
92,10,10,0.369928931,10,10,0,10,10,10,10,10,20,5,60
93,10,10,0.504730934,10,10,0,10,10,10,10,10,20,5,60
94,10,10,0.786241581,10,10,0,10,10,10,10,10,20,5,60
95,10,10,1.06279829,10,10,0,10,10,10,10,10,20,5,60
96,10,10,1.356162945,10,10,0,10,10,10,10,10,20,5,60
97,10,10,1.570822025,10,10,0,10,10,10,10,10,20,5,60
98,10,10,2.085933284,10,10,0,10,10,10,10,10,20,5,60
99,10,10,2.375703898,10,10,0,10,10,10,10,10,20,5,60
100,10,10,2.569733898,10,10,0,10,10,10,10,10,20,5,60
101,10,10,2.712875804,10,10,0,10,10,10,10,10,20,5,60
102,10,10,2.83682929,10,10,0,10,10,10,10,10,20,5,60
103,10,10,3.013920875,10,10,0,10,10,10,10,10,20,5,60
104,10,10,3.000538038,10,10,0,10,10,10,10,10,20,5,60
105,10,10,3.214284097,10,10,0,10,10,10,10,10,20,5,60
106,10,10,3.247263788,10,10,0,10,10,10,10,10,20,5,60
107,10,10,3.254622951,10,10,0,10,10,10,10,10,20,5,60
108,10,10,2.772366905,10,10,0,10,10,10,10,10,20,5,60
109,10,10,2.317818989,10,10,0,10,10,10,10,10,20,5,60
110,10,10,1.858903811,10,10,0,10,10,10,10,10,20,5,60
111,10,10,1.465993528,10,10,0,10,10,10,10,10,20,5,60
112,10,10,1.159946634,10,10,0,10,10,10,10,10,20,5,60
113,10,10,0.999879646,10,10,0,10,10,10,10,10,20,5,60
114,10,10,1.036669828,10,10,0,10,10,10,10,10,20,5,60
115,10,10,1.270754444,10,10,0,10,10,10,10,10,20,5,60
116,10,10,1.542310065,10,10,0,10,10,10,10,10,20,5,60
117,10,10,1.791050151,10,10,0,10,10,10,10,10,20,5,60
118,10,10,1.932696027,10,10,0,10,10,10,10,10,20,5,60
119,10,10,1.973530603,10,10,0,10,10,10,10,10,20,5,60
120,10,10,2.03614286,10,10,0,10,10,10,10,10,20,5,60
121,10,10,2.097191705,10,10,0,10,10,10,10,10,20,5,60
122,10,10,2.723356811,10,10,0,10,10,10,10,10,20,5,60
123,10,10,2.930104515,10,10,0,10,10,10,10,10,20,5,60
124,10,10,3.092235808,10,10,0,10,10,10,10,10,20,5,60
125,10,10,3.235747987,10,10,0,10,10,10,10,10,20,5,60
126,10,10,3.363085588,10,10,0,10,10,10,10,10,20,5,60
127,10,10,3.338297489,10,10,0,10,10,10,10,10,20,5,60
128,10,10,3.393996515,10,10,0,10,10,10,10,10,20,5,60
129,10,10,3.375700889,10,10,0,10,10,10,10,10,20,5,60
130,10,10,3.427891489,10,10,0,10,10,10,10,10,20,5,60
131,10,10,3.455255287,10,10,0,10,10,10,10,10,20,5,60
132,10,10,3.334515498,10,10,0,10,10,10,10,10,20,5,60
133,10,10,3.006888539,10,10,0,10,10,10,10,10,20,5,60
134,10,10,2.540232095,10,10,0,10,10,10,10,10,20,5,60
135,10,10,2.233170243,10,10,0,10,10,10,10,10,20,5,60
136,10,10,1.945078797,10,10,0,10,10,10,10,10,20,5,60
137,10,10,1.834942611,10,10,0,10,10,10,10,10,20,5,60
138,10,10,1.838347991,10,10,0,10,10,10,10,10,20,5,60
139,10,10,1.980700725,10,10,0,10,10,10,10,10,20,5,60
140,10,10,2.110336331,10,10,0,10,10,10,10,10,20,5,60
141,10,10,2.194587642,10,10,0,10,10,10,10,10,20,5,60
142,10,10,2.280870889,10,10,0,10,10,10,10,10,20,5,60
143,10,10,2.384606143,10,10,0,10,10,10,10,10,20,5,60
144,10,10,2.480902194,10,10,0,10,10,10,10,10,20,5,60
145,10,10,2.480902194,10,10,0,10,10,10,10,10,20,5,60
146,10,10,7.904639538,10,10,0,10,10,10,10,10,20,5,60
147,10,10,6.978618506,10,10,0,10,10,10,10,10,20,5,60
148,10,10,6.219695185,10,10,0,10,10,10,10,10,20,5,60
149,10,10,5.674585435,10,10,0,10,10,10,10,10,20,5,60
150,10,10,5.075766955,10,10,0,10,10,10,10,10,20,5,60
151,10,10,4.706851,10,10,0,10,10,10,10,10,20,5,60
152,10,10,4.43675714,10,10,0,10,10,10,10,10,20,5,60
153,10,10,4.220910338,10,10,0,10,10,10,10,10,20,5,60
154,10,10,4.070707607,10,10,0,10,10,10,10,10,20,5,60
155,10,10,3.936902676,10,10,0,10,10,10,10,10,20,5,60
156,10,10,3.807350709,10,10,0,10,10,10,10,10,20,5,60
157,10,10,3.635111813,10,10,0,10,10,10,10,10,20,5,60
158,10,10,3.373022209,10,10,0,10,10,10,10,10,20,5,60
159,10,10,3.031716749,10,10,0,10,10,10,10,10,20,5,60
160,10,10,2.932529858,10,10,0,10,10,10,10,10,20,5,60
161,10,10,2.598998755,10,10,0,10,10,10,10,10,20,5,60
162,10,10,2.444216736,10,10,0,10,10,10,10,10,20,5,60
163,10,10,2.428445806,10,10,0,10,10,10,10,10,20,5,60
164,10,10,2.638592294,10,10,0,10,10,10,10,10,20,5,60
165,10,10,2.880144587,10,10,0,10,10,10,10,10,20,5,60
166,10,10,3.084572129,10,10,0,10,10,10,10,10,20,5,60
167,10,10,3.28902281,10,10,0,10,10,10,10,10,20,5,60
168,10,10,3.425615953,10,10,0,10,10,10,10,10,20,5,60
169,10,10,3.556249608,10,10,0,10,10,10,10,10,20,5,60
170,10,10,3.695346997,10,10,0,10,10,10,10,10,20,5,60
171,10,10,3.591791031,10,10,0,10,10,10,10,10,20,5,60
172,10,10,3.657958533,10,10,0,10,10,10,10,10,20,5,60
173,10,10,3.747079244,10,10,0,10,10,10,10,10,20,5,60
174,10,10,3.831190095,10,10,0,10,10,10,10,10,20,5,60
175,10,10,3.932720834,10,10,0,10,10,10,10,10,20,5,60
176,10,10,4.037755823,10,10,0,10,10,10,10,10,20,5,60
177,10,10,4.13920543,10,10,0,10,10,10,10,10,20,5,60
178,10,10,4.233199321,10,10,0,10,10,10,10,10,20,5,60
179,10,10,4.314984804,10,10,0,10,10,10,10,10,20,5,60
180,10,10,4.270246493,10,10,0,10,10,10,10,10,20,5,60
181,10,10,3.989918173,10,10,0,10,10,10,10,10,20,5,60
182,10,10,3.576196466,10,10,0,10,10,10,10,10,20,5,60
183,10,10,3.17883215,10,10,0,10,10,10,10,10,20,5,60
184,10,10,2.794303484,10,10,0,10,10,10,10,10,20,5,60
185,10,10,2.471265673,10,10,0,10,10,10,10,10,20,5,60
186,10,10,2.261647196,10,10,0,10,10,10,10,10,20,5,60
187,10,10,2.142149314,10,10,0,10,10,10,10,10,20,5,60
188,10,10,2.236806272,10,10,0,10,10,10,10,10,20,5,60
189,10,10,2.565314893,10,10,0,10,10,10,10,10,20,5,60
190,10,10,2.797284008,10,10,0,10,10,10,10,10,20,5,60
191,10,10,3.020072374,10,10,0,10,10,10,10,10,20,5,60
192,10,10,3.130632332,10,10,0,10,10,10,10,10,20,5,60
193,10,10,3.352549839,10,10,0,10,10,10,10,10,20,5,60
194,10,10,3.521212936,10,10,0,10,10,10,10,10,20,5,60
195,10,10,2.795178023,10,10,0,10,10,10,10,10,20,5,60
196,10,10,2.679954343,10,10,0,10,10,10,10,10,20,5,60
197,10,10,2.678187162,10,10,0,10,10,10,10,10,20,5,60
198,10,10,2.697263271,10,10,0,10,10,10,10,10,20,5,60
199,10,10,2.718814088,10,10,0,10,10,10,10,10,20,5,60
200,10,10,2.720135116,10,10,0,10,10,10,10,10,20,5,60
201,10,10,2.694299611,10,10,0,10,10,10,10,10,20,5,60
202,10,10,2.755164716,10,10,0,10,10,10,10,10,20,5,60
203,10,10,2.646919906,10,10,0,10,10,10,10,10,20,5,60
204,10,10,2.277316454,10,10,0,10,10,10,10,10,20,5,60
205,10,10,1.817895483,10,10,0,10,10,10,10,10,20,5,60
206,10,10,1.348326403,10,10,0,10,10,10,10,10,20,5,60
207,10,10,0.812068288,10,10,0,10,10,10,10,10,20,5,60
208,10,10,0.304628761,10,10,0,10,10,10,10,10,20,5,60
209,10,10,0.114058262,10,10,0,10,10,10,10,10,20,5,60
210,10,10,0,10,10,0,10,10,10,10,10,20,5,60
211,10,10,0,10,10,0,10,10,10,10,10,20,5,60
212,10,10,0,10,10,0,10,10,10,10,10,20,5,60
213,10,10,0,10,10,0,10,10,10,10,10,20,5,60
214,10,10,0.156309668,10,10,0,10,10,10,10,10,20,5,60
215,10,10,0.322369061,10,10,0,10,10,10,10,10,20,5,60
216,10,10,0.542011166,10,10,0,10,10,10,10,10,20,5,60
217,10,10,0.684387911,10,10,0,10,10,10,10,10,20,5,60
218,10,10,0.862440283,10,10,0,10,10,10,10,10,20,5,60
219,10,10,1.050531234,10,10,0,10,10,10,10,10,20,5,60
220,10,10,1.181556632,10,10,0,10,10,10,10,10,20,5,60
221,10,10,1.289812746,10,10,0,10,10,10,10,10,20,5,60
222,10,10,1.475491525,10,10,0,10,10,10,10,10,20,5,60
223,10,10,1.672726583,10,10,0,10,10,10,10,10,20,5,60
224,10,10,1.828169953,10,10,0,10,10,10,10,10,20,5,60
225,10,10,1.999315257,10,10,0,10,10,10,10,10,20,5,60
226,10,10,2.184025632,10,10,0,10,10,10,10,10,20,5,60
227,10,10,2.281687868,10,10,0,10,10,10,10,10,20,5,60
228,10,10,2.228450137,10,10,0,10,10,10,10,10,20,5,60
229,10,10,1.952217081,10,10,0,10,10,10,10,10,20,5,60
230,10,10,1.689598359,10,10,0,10,10,10,10,10,20,5,60
231,10,10,0.944420832,10,10,0,10,10,10,10,10,20,5,60
232,10,10,0.433827772,10,10,0,10,10,10,10,10,20,5,60
233,10,10,0.085753921,10,10,0,10,10,10,10,10,20,5,60
234,10,10,0.124592472,10,10,0,10,10,10,10,10,20,5,60
235,10,10,0.046789011,10,10,0,10,10,10,10,10,20,5,60
236,10,10,0.264310534,10,10,0,10,10,10,10,10,20,5,60
237,10,10,0.369928931,10,10,0,10,10,10,10,10,20,5,60
238,10,10,0.504730934,10,10,0,10,10,10,10,10,20,5,60
239,10,10,0.786241581,10,10,0,10,10,10,10,10,20,5,60
240,10,10,1.06279829,10,10,0,10,10,10,10,10,20,5,60
241,10,10,1.356162945,10,10,0,10,10,10,10,10,20,5,60
242,10,10,1.570822025,10,10,0,10,10,10,10,10,20,5,60
243,10,10,2.085933284,10,10,0,10,10,10,10,10,20,5,60
244,10,10,2.375703898,10,10,0,10,10,10,10,10,20,5,60
245,10,10,2.569733898,10,10,0,10,10,10,10,10,20,5,60
246,10,10,2.712875804,10,10,0,10,10,10,10,10,20,5,60
247,10,10,2.83682929,10,10,0,10,10,10,10,10,20,5,60
248,10,10,3.013920875,10,10,0,10,10,10,10,10,20,5,60
249,10,10,3.000538038,10,10,0,10,10,10,10,10,20,5,60
250,10,10,3.214284097,10,10,0,10,10,10,10,10,20,5,60
251,10,10,3.247263788,10,10,0,10,10,10,10,10,20,5,60
252,10,10,3.254622951,10,10,0,10,10,10,10,10,20,5,60
253,10,10,2.772366905,10,10,0,10,10,10,10,10,20,5,60
254,10,10,2.317818989,10,10,0,10,10,10,10,10,20,5,60
255,10,10,1.858903811,10,10,0,10,10,10,10,10,20,5,60
256,10,10,1.465993528,10,10,0,10,10,10,10,10,20,5,60
257,10,10,1.159946634,10,10,0,10,10,10,10,10,20,5,60
258,10,10,0.999879646,10,10,0,10,10,10,10,10,20,5,60
259,10,10,1.036669828,10,10,0,10,10,10,10,10,20,5,60
260,10,10,1.270754444,10,10,0,10,10,10,10,10,20,5,60
261,10,10,1.542310065,10,10,0,10,10,10,10,10,20,5,60
262,10,10,1.791050151,10,10,0,10,10,10,10,10,20,5,60
263,10,10,1.932696027,10,10,0,10,10,10,10,10,20,5,60
264,10,10,1.973530603,10,10,0,10,10,10,10,10,20,5,60
265,10,10,2.03614286,10,10,0,10,10,10,10,10,20,5,60
266,10,10,2.097191705,10,10,0,10,10,10,10,10,20,5,60
267,10,10,2.723356811,10,10,0,10,10,10,10,10,20,5,60
268,10,10,2.930104515,10,10,0,10,10,10,10,10,20,5,60
269,10,10,3.092235808,10,10,0,10,10,10,10,10,20,5,60
270,10,10,3.235747987,10,10,0,10,10,10,10,10,20,5,60
271,10,10,3.363085588,10,10,0,10,10,10,10,10,20,5,60
272,10,10,3.338297489,10,10,0,10,10,10,10,10,20,5,60
273,10,10,3.393996515,10,10,0,10,10,10,10,10,20,5,60
274,10,10,3.375700889,10,10,0,10,10,10,10,10,20,5,60
275,10,10,3.427891489,10,10,0,10,10,10,10,10,20,5,60
276,10,10,3.455255287,10,10,0,10,10,10,10,10,20,5,60
277,10,10,3.334515498,10,10,0,10,10,10,10,10,20,5,60
278,10,10,3.006888539,10,10,0,10,10,10,10,10,20,5,60
279,10,10,2.540232095,10,10,0,10,10,10,10,10,20,5,60
280,10,10,2.233170243,10,10,0,10,10,10,10,10,20,5,60
281,10,10,1.945078797,10,10,0,10,10,10,10,10,20,5,60
282,10,10,1.834942611,10,10,0,10,10,10,10,10,20,5,60
283,10,10,1.838347991,10,10,0,10,10,10,10,10,20,5,60
284,10,10,1.980700725,10,10,0,10,10,10,10,10,20,5,60
285,10,10,2.110336331,10,10,0,10,10,10,10,10,20,5,60
286,10,10,2.194587642,10,10,0,10,10,10,10,10,20,5,60
287,10,10,2.280870889,10,10,0,10,10,10,10,10,20,5,60
288,10,10,2.384606143,10,10,0,10,10,10,10,10,20,5,60
289,10,10,2.480902194,10,10,0,10,10,10,10,10,20,5,60
290,10,10,2.480902194,10,10,0,10,10,10,10,10,20,5,60
291,10,10,7.904639538,10,10,0,10,10,10,10,10,20,5,60
292,10,10,6.978618506,10,10,0,10,10,10,10,10,20,5,60
293,10,10,6.219695185,10,10,0,10,10,10,10,10,20,5,60
294,10,10,5.674585435,10,10,0,10,10,10,10,10,20,5,60
295,10,10,5.075766955,10,10,0,10,10,10,10,10,20,5,60
296,10,10,4.706851,10,10,0,10,10,10,10,10,20,5,60
297,10,10,4.43675714,10,10,0,10,10,10,10,10,20,5,60
298,10,10,4.220910338,10,10,0,10,10,10,10,10,20,5,60
299,10,10,4.070707607,10,10,0,10,10,10,10,10,20,5,60
300,10,10,3.936902676,10,10,0,10,10,10,10,10,20,5,60
301,10,10,3.807350709,10,10,0,10,10,10,10,10,20,5,60
302,10,10,3.635111813,10,10,0,10,10,10,10,10,20,5,60
303,10,10,3.373022209,10,10,0,10,10,10,10,10,20,5,60
304,10,10,3.031716749,10,10,0,10,10,10,10,10,20,5,60
305,10,10,2.932529858,10,10,0,10,10,10,10,10,20,5,60
306,10,10,2.598998755,10,10,0,10,10,10,10,10,20,5,60
307,10,10,2.444216736,10,10,0,10,10,10,10,10,20,5,60
308,10,10,2.428445806,10,10,0,10,10,10,10,10,20,5,60
309,10,10,2.638592294,10,10,0,10,10,10,10,10,20,5,60
310,10,10,2.880144587,10,10,0,10,10,10,10,10,20,5,60
311,10,10,3.084572129,10,10,0,10,10,10,10,10,20,5,60
312,10,10,3.28902281,10,10,0,10,10,10,10,10,20,5,60
313,10,10,3.425615953,10,10,0,10,10,10,10,10,20,5,60
314,10,10,3.556249608,10,10,0,10,10,10,10,10,20,5,60
315,10,10,3.695346997,10,10,0,10,10,10,10,10,20,5,60
316,10,10,3.591791031,10,10,0,10,10,10,10,10,20,5,60
317,10,10,3.657958533,10,10,0,10,10,10,10,10,20,5,60
318,10,10,3.747079244,10,10,0,10,10,10,10,10,20,5,60
319,10,10,3.831190095,10,10,0,10,10,10,10,10,20,5,60
320,10,10,3.932720834,10,10,0,10,10,10,10,10,20,5,60
321,10,10,4.037755823,10,10,0,10,10,10,10,10,20,5,60
322,10,10,4.13920543,10,10,0,10,10,10,10,10,20,5,60
323,10,10,4.233199321,10,10,0,10,10,10,10,10,20,5,60
324,10,10,4.314984804,10,10,0,10,10,10,10,10,20,5,60
325,10,10,4.270246493,10,10,0,10,10,10,10,10,20,5,60
326,10,10,3.989918173,10,10,0,10,10,10,10,10,20,5,60
327,10,10,3.576196466,10,10,0,10,10,10,10,10,20,5,60
328,10,10,3.17883215,10,10,0,10,10,10,10,10,20,5,60
329,10,10,2.794303484,10,10,0,10,10,10,10,10,20,5,60
330,10,10,2.471265673,10,10,0,10,10,10,10,10,20,5,60
331,10,10,2.261647196,10,10,0,10,10,10,10,10,20,5,60
332,10,10,2.142149314,10,10,0,10,10,10,10,10,20,5,60
333,10,10,2.236806272,10,10,0,10,10,10,10,10,20,5,60
334,10,10,2.565314893,10,10,0,10,10,10,10,10,20,5,60
335,10,10,2.797284008,10,10,0,10,10,10,10,10,20,5,60
336,10,10,3.020072374,10,10,0,10,10,10,10,10,20,5,60
337,10,10,3.130632332,10,10,0,10,10,10,10,10,20,5,60
338,10,10,3.352549839,10,10,0,10,10,10,10,10,20,5,60
339,10,10,3.521212936,10,10,0,10,10,10,10,10,20,5,60
340,10,10,2.795178023,10,10,0,10,10,10,10,10,20,5,60
341,10,10,2.679954343,10,10,0,10,10,10,10,10,20,5,60
342,10,10,2.678187162,10,10,0,10,10,10,10,10,20,5,60
343,10,10,2.697263271,10,10,0,10,10,10,10,10,20,5,60
344,10,10,2.718814088,10,10,0,10,10,10,10,10,20,5,60
345,10,10,2.720135116,10,10,0,10,10,10,10,10,20,5,60
346,10,10,2.694299611,10,10,0,10,10,10,10,10,20,5,60
347,10,10,2.755164716,10,10,0,10,10,10,10,10,20,5,60
348,10,10,2.646919906,10,10,0,10,10,10,10,10,20,5,60
349,10,10,2.277316454,10,10,0,10,10,10,10,10,20,5,60
350,10,10,1.817895483,10,10,0,10,10,10,10,10,20,5,60
351,10,10,1.348326403,10,10,0,10,10,10,10,10,20,5,60
352,10,10,0.812068288,10,10,0,10,10,10,10,10,20,5,60
353,10,10,0.304628761,10,10,0,10,10,10,10,10,20,5,60
354,10,10,0.114058262,10,10,0,10,10,10,10,10,20,5,60
355,10,10,0,10,10,0,10,10,10,10,10,20,5,60
356,10,10,0,10,10,0,10,10,10,10,10,20,5,60
357,10,10,0,10,10,0,10,10,10,10,10,20,5,60
358,10,10,0,10,10,0,10,10,10,10,10,20,5,60
359,10,10,0.156309668,10,10,0,10,10,10,10,10,20,5,60
360,10,10,0.322369061,10,10,0,10,10,10,10,10,20,5,60
361,10,10,0.542011166,10,10,0,10,10,10,10,10,20,5,60
362,10,10,0.684387911,10,10,0,10,10,10,10,10,20,5,60
363,10,10,0.862440283,10,10,0,10,10,10,10,10,20,5,60
364,10,10,1.050531234,10,10,0,10,10,10,10,10,20,5,60
365,10,10,1.181556632,10,10,0,10,10,10,10,10,20,5,60
366,10,10,1.289812746,10,10,0,10,10,10,10,10,20,5,60
367,10,10,1.475491525,10,10,0,10,10,10,10,10,20,5,60
368,10,10,1.672726583,10,10,0,10,10,10,10,10,20,5,60
369,10,10,1.828169953,10,10,0,10,10,10,10,10,20,5,60
370,10,10,1.999315257,10,10,0,10,10,10,10,10,20,5,60
371,10,10,2.184025632,10,10,0,10,10,10,10,10,20,5,60
372,10,10,2.281687868,10,10,0,10,10,10,10,10,20,5,60
373,10,10,2.228450137,10,10,0,10,10,10,10,10,20,5,60
374,10,10,1.952217081,10,10,0,10,10,10,10,10,20,5,60
375,10,10,1.689598359,10,10,0,10,10,10,10,10,20,5,60
376,10,10,0.944420832,10,10,0,10,10,10,10,10,20,5,60
377,10,10,0.433827772,10,10,0,10,10,10,10,10,20,5,60
378,10,10,0.085753921,10,10,0,10,10,10,10,10,20,5,60
379,10,10,0.124592472,10,10,0,10,10,10,10,10,20,5,60
380,10,10,0.046789011,10,10,0,10,10,10,10,10,20,5,60
381,10,10,0.264310534,10,10,0,10,10,10,10,10,20,5,60
382,10,10,0.369928931,10,10,0,10,10,10,10,10,20,5,60
383,10,10,0.504730934,10,10,0,10,10,10,10,10,20,5,60
384,10,10,0.786241581,10,10,0,10,10,10,10,10,20,5,60
385,10,10,1.06279829,10,10,0,10,10,10,10,10,20,5,60
386,10,10,1.356162945,10,10,0,10,10,10,10,10,20,5,60
387,10,10,1.570822025,10,10,0,10,10,10,10,10,20,5,60
388,10,10,2.085933284,10,10,0,10,10,10,10,10,20,5,60
389,10,10,2.375703898,10,10,0,10,10,10,10,10,20,5,60
390,10,10,2.569733898,10,10,0,10,10,10,10,10,20,5,60
391,10,10,2.712875804,10,10,0,10,10,10,10,10,20,5,60
392,10,10,2.83682929,10,10,0,10,10,10,10,10,20,5,60
393,10,10,3.013920875,10,10,0,10,10,10,10,10,20,5,60
394,10,10,3.000538038,10,10,0,10,10,10,10,10,20,5,60
395,10,10,3.214284097,10,10,0,10,10,10,10,10,20,5,60
396,10,10,3.247263788,10,10,0,10,10,10,10,10,20,5,60
397,10,10,3.254622951,10,10,0,10,10,10,10,10,20,5,60
398,10,10,2.772366905,10,10,0,10,10,10,10,10,20,5,60
399,10,10,2.317818989,10,10,0,10,10,10,10,10,20,5,60
400,10,10,1.858903811,10,10,0,10,10,10,10,10,20,5,60
401,10,10,1.465993528,10,10,0,10,10,10,10,10,20,5,60
402,10,10,1.159946634,10,10,0,10,10,10,10,10,20,5,60
403,10,10,0.999879646,10,10,0,10,10,10,10,10,20,5,60
404,10,10,1.036669828,10,10,0,10,10,10,10,10,20,5,60
405,10,10,1.270754444,10,10,0,10,10,10,10,10,20,5,60
406,10,10,1.542310065,10,10,0,10,10,10,10,10,20,5,60
407,10,10,1.791050151,10,10,0,10,10,10,10,10,20,5,60
408,10,10,1.932696027,10,10,0,10,10,10,10,10,20,5,60
409,10,10,1.973530603,10,10,0,10,10,10,10,10,20,5,60
410,10,10,2.03614286,10,10,0,10,10,10,10,10,20,5,60
411,10,10,2.097191705,10,10,0,10,10,10,10,10,20,5,60
412,10,10,2.723356811,10,10,0,10,10,10,10,10,20,5,60
413,10,10,2.930104515,10,10,0,10,10,10,10,10,20,5,60
414,10,10,3.092235808,10,10,0,10,10,10,10,10,20,5,60
415,10,10,3.235747987,10,10,0,10,10,10,10,10,20,5,60
416,10,10,3.363085588,10,10,0,10,10,10,10,10,20,5,60
417,10,10,3.338297489,10,10,0,10,10,10,10,10,20,5,60
418,10,10,3.393996515,10,10,0,10,10,10,10,10,20,5,60
419,10,10,3.375700889,10,10,0,10,10,10,10,10,20,5,60
420,10,10,3.427891489,10,10,0,10,10,10,10,10,20,5,60
421,10,10,3.455255287,10,10,0,10,10,10,10,10,20,5,60
422,10,10,3.334515498,10,10,0,10,10,10,10,10,20,5,60
423,10,10,3.006888539,10,10,0,10,10,10,10,10,20,5,60
424,10,10,2.540232095,10,10,0,10,10,10,10,10,20,5,60
425,10,10,2.233170243,10,10,0,10,10,10,10,10,20,5,60
426,10,10,1.945078797,10,10,0,10,10,10,10,10,20,5,60
427,10,10,1.834942611,10,10,0,10,10,10,10,10,20,5,60
428,10,10,1.838347991,10,10,0,10,10,10,10,10,20,5,60
429,10,10,1.980700725,10,10,0,10,10,10,10,10,20,5,60
430,10,10,2.110336331,10,10,0,10,10,10,10,10,20,5,60
431,10,10,2.194587642,10,10,0,10,10,10,10,10,20,5,60
432,10,10,2.280870889,10,10,0,10,10,10,10,10,20,5,60
433,10,10,2.384606143,10,10,0,10,10,10,10,10,20,5,60
434,10,10,2.480902194,10,10,0,10,10,10,10,10,20,5,60
435,10,10,2.480902194,10,10,0,10,10,10,10,10,20,5,60
436,10,10,7.904639538,10,10,0,10,10,10,10,10,20,5,60
437,10,10,6.978618506,10,10,0,10,10,10,10,10,20,5,60
438,10,10,6.219695185,10,10,0,10,10,10,10,10,20,5,60
439,10,10,5.674585435,10,10,0,10,10,10,10,10,20,5,60
440,10,10,5.075766955,10,10,0,10,10,10,10,10,20,5,60
441,10,10,4.706851,10,10,0,10,10,10,10,10,20,5,60
442,10,10,4.43675714,10,10,0,10,10,10,10,10,20,5,60
443,10,10,4.220910338,10,10,0,10,10,10,10,10,20,5,60
444,10,10,4.070707607,10,10,0,10,10,10,10,10,20,5,60
445,10,10,3.936902676,10,10,0,10,10,10,10,10,20,5,60
446,10,10,3.807350709,10,10,0,10,10,10,10,10,20,5,60
447,10,10,3.635111813,10,10,0,10,10,10,10,10,20,5,60
448,10,10,3.373022209,10,10,0,10,10,10,10,10,20,5,60
449,10,10,3.031716749,10,10,0,10,10,10,10,10,20,5,60
450,10,10,2.932529858,10,10,0,10,10,10,10,10,20,5,60
451,10,10,2.598998755,10,10,0,10,10,10,10,10,20,5,60
452,10,10,2.444216736,10,10,0,10,10,10,10,10,20,5,60
453,10,10,2.428445806,10,10,0,10,10,10,10,10,20,5,60
454,10,10,2.638592294,10,10,0,10,10,10,10,10,20,5,60
455,10,10,2.880144587,10,10,0,10,10,10,10,10,20,5,60
456,10,10,3.084572129,10,10,0,10,10,10,10,10,20,5,60
457,10,10,3.28902281,10,10,0,10,10,10,10,10,20,5,60
458,10,10,3.425615953,10,10,0,10,10,10,10,10,20,5,60
459,10,10,3.556249608,10,10,0,10,10,10,10,10,20,5,60
460,10,10,3.695346997,10,10,0,10,10,10,10,10,20,5,60
461,10,10,3.591791031,10,10,0,10,10,10,10,10,20,5,60
462,10,10,3.657958533,10,10,0,10,10,10,10,10,20,5,60
463,10,10,3.747079244,10,10,0,10,10,10,10,10,20,5,60
464,10,10,3.831190095,10,10,0,10,10,10,10,10,20,5,60
465,10,10,3.932720834,10,10,0,10,10,10,10,10,20,5,60
466,10,10,4.037755823,10,10,0,10,10,10,10,10,20,5,60
467,10,10,4.13920543,10,10,0,10,10,10,10,10,20,5,60
468,10,10,4.233199321,10,10,0,10,10,10,10,10,20,5,60
469,10,10,4.314984804,10,10,0,10,10,10,10,10,20,5,60
470,10,10,4.270246493,10,10,0,10,10,10,10,10,20,5,60
471,10,10,3.989918173,10,10,0,10,10,10,10,10,20,5,60
472,10,10,3.576196466,10,10,0,10,10,10,10,10,20,5,60
473,10,10,3.17883215,10,10,0,10,10,10,10,10,20,5,60
474,10,10,2.794303484,10,10,0,10,10,10,10,10,20,5,60
475,10,10,2.471265673,10,10,0,10,10,10,10,10,20,5,60
476,10,10,2.261647196,10,10,0,10,10,10,10,10,20,5,60
477,10,10,2.142149314,10,10,0,10,10,10,10,10,20,5,60
478,10,10,2.236806272,10,10,0,10,10,10,10,10,20,5,60
479,10,10,2.565314893,10,10,0,10,10,10,10,10,20,5,60
480,10,10,2.797284008,10,10,0,10,10,10,10,10,20,5,60
481,10,10,3.020072374,10,10,0,10,10,10,10,10,20,5,60
482,10,10,3.130632332,10,10,0,10,10,10,10,10,20,5,60
483,10,10,3.352549839,10,10,0,10,10,10,10,10,20,5,60
484,10,10,3.521212936,10,10,0,10,10,10,10,10,20,5,60
485,10,10,2.795178023,10,10,0,10,10,10,10,10,20,5,60
486,10,10,2.679954343,10,10,0,10,10,10,10,10,20,5,60
487,10,10,2.678187162,10,10,0,10,10,10,10,10,20,5,60
488,10,10,2.697263271,10,10,0,10,10,10,10,10,20,5,60
489,10,10,2.718814088,10,10,0,10,10,10,10,10,20,5,60
490,10,10,2.720135116,10,10,0,10,10,10,10,10,20,5,60
491,10,10,2.694299611,10,10,0,10,10,10,10,10,20,5,60
492,10,10,2.755164716,10,10,0,10,10,10,10,10,20,5,60
493,10,10,2.646919906,10,10,0,10,10,10,10,10,20,5,60
494,10,10,2.277316454,10,10,0,10,10,10,10,10,20,5,60
495,10,10,1.817895483,10,10,0,10,10,10,10,10,20,5,60
496,10,10,1.348326403,10,10,0,10,10,10,10,10,20,5,60
497,10,10,0.812068288,10,10,0,10,10,10,10,10,20,5,60
498,10,10,0.304628761,10,10,0,10,10,10,10,10,20,5,60
499,10,10,0.114058262,10,10,0,10,10,10,10,10,20,5,60
500,10,10,0,10,10,0,10,10,10,10,10,20,5,60
501,10,10,0,10,10,0,10,10,10,10,10,20,5,60
502,10,10,0,10,10,0,10,10,10,10,10,20,5,60
503,10,10,0,10,10,0,10,10,10,10,10,20,5,60
504,10,10,0.156309668,10,10,0,10,10,10,10,10,20,5,60
505,10,10,0.322369061,10,10,0,10,10,10,10,10,20,5,60
506,10,10,0.542011166,10,10,0,10,10,10,10,10,20,5,60
507,10,10,0.684387911,10,10,0,10,10,10,10,10,20,5,60
508,10,10,0.862440283,10,10,0,10,10,10,10,10,20,5,60
509,10,10,1.050531234,10,10,0,10,10,10,10,10,20,5,60
510,10,10,1.181556632,10,10,0,10,10,10,10,10,20,5,60
511,10,10,1.289812746,10,10,0,10,10,10,10,10,20,5,60
512,10,10,1.475491525,10,10,0,10,10,10,10,10,20,5,60
513,10,10,1.672726583,10,10,0,10,10,10,10,10,20,5,60
514,10,10,1.828169953,10,10,0,10,10,10,10,10,20,5,60
515,10,10,1.999315257,10,10,0,10,10,10,10,10,20,5,60
516,10,10,2.184025632,10,10,0,10,10,10,10,10,20,5,60
517,10,10,2.281687868,10,10,0,10,10,10,10,10,20,5,60
518,10,10,2.228450137,10,10,0,10,10,10,10,10,20,5,60
519,10,10,1.952217081,10,10,0,10,10,10,10,10,20,5,60
520,10,10,1.689598359,10,10,0,10,10,10,10,10,20,5,60
521,10,10,0.944420832,10,10,0,10,10,10,10,10,20,5,60
522,10,10,0.433827772,10,10,0,10,10,10,10,10,20,5,60
523,10,10,0.085753921,10,10,0,10,10,10,10,10,20,5,60
524,10,10,0.124592472,10,10,0,10,10,10,10,10,20,5,60
525,10,10,0.046789011,10,10,0,10,10,10,10,10,20,5,60
526,10,10,0.264310534,10,10,0,10,10,10,10,10,20,5,60
527,10,10,0.369928931,10,10,0,10,10,10,10,10,20,5,60
528,10,10,0.504730934,10,10,0,10,10,10,10,10,20,5,60
529,10,10,0.786241581,10,10,0,10,10,10,10,10,20,5,60
530,10,10,1.06279829,10,10,0,10,10,10,10,10,20,5,60
531,10,10,1.356162945,10,10,0,10,10,10,10,10,20,5,60
532,10,10,1.570822025,10,10,0,10,10,10,10,10,20,5,60
533,10,10,2.085933284,10,10,0,10,10,10,10,10,20,5,60
534,10,10,2.375703898,10,10,0,10,10,10,10,10,20,5,60
535,10,10,2.569733898,10,10,0,10,10,10,10,10,20,5,60
536,10,10,2.712875804,10,10,0,10,10,10,10,10,20,5,60
537,10,10,2.83682929,10,10,0,10,10,10,10,10,20,5,60
538,10,10,3.013920875,10,10,0,10,10,10,10,10,20,5,60
539,10,10,3.000538038,10,10,0,10,10,10,10,10,20,5,60
540,10,10,3.214284097,10,10,0,10,10,10,10,10,20,5,60
541,10,10,3.247263788,10,10,0,10,10,10,10,10,20,5,60
542,10,10,3.254622951,10,10,0,10,10,10,10,10,20,5,60
543,10,10,2.772366905,10,10,0,10,10,10,10,10,20,5,60
544,10,10,2.317818989,10,10,0,10,10,10,10,10,20,5,60
545,10,10,1.858903811,10,10,0,10,10,10,10,10,20,5,60
546,10,10,1.465993528,10,10,0,10,10,10,10,10,20,5,60
547,10,10,1.159946634,10,10,0,10,10,10,10,10,20,5,60
548,10,10,0.999879646,10,10,0,10,10,10,10,10,20,5,60
549,10,10,1.036669828,10,10,0,10,10,10,10,10,20,5,60
550,10,10,1.270754444,10,10,0,10,10,10,10,10,20,5,60
551,10,10,1.542310065,10,10,0,10,10,10,10,10,20,5,60
552,10,10,1.791050151,10,10,0,10,10,10,10,10,20,5,60
553,10,10,1.932696027,10,10,0,10,10,10,10,10,20,5,60
554,10,10,1.973530603,10,10,0,10,10,10,10,10,20,5,60
555,10,10,2.03614286,10,10,0,10,10,10,10,10,20,5,60
556,10,10,2.097191705,10,10,0,10,10,10,10,10,20,5,60
557,10,10,2.723356811,10,10,0,10,10,10,10,10,20,5,60
558,10,10,2.930104515,10,10,0,10,10,10,10,10,20,5,60
559,10,10,3.092235808,10,10,0,10,10,10,10,10,20,5,60
560,10,10,3.235747987,10,10,0,10,10,10,10,10,20,5,60
561,10,10,3.363085588,10,10,0,10,10,10,10,10,20,5,60
562,10,10,3.338297489,10,10,0,10,10,10,10,10,20,5,60
563,10,10,3.393996515,10,10,0,10,10,10,10,10,20,5,60
564,10,10,3.375700889,10,10,0,10,10,10,10,10,20,5,60
565,10,10,3.427891489,10,10,0,10,10,10,10,10,20,5,60
566,10,10,3.455255287,10,10,0,10,10,10,10,10,20,5,60
567,10,10,3.334515498,10,10,0,10,10,10,10,10,20,5,60
568,10,10,3.006888539,10,10,0,10,10,10,10,10,20,5,60
569,10,10,2.540232095,10,10,0,10,10,10,10,10,20,5,60
570,10,10,2.233170243,10,10,0,10,10,10,10,10,20,5,60
571,10,10,1.945078797,10,10,0,10,10,10,10,10,20,5,60
572,10,10,1.834942611,10,10,0,10,10,10,10,10,20,5,60
573,10,10,1.838347991,10,10,0,10,10,10,10,10,20,5,60
574,10,10,1.980700725,10,10,0,10,10,10,10,10,20,5,60
575,10,10,2.110336331,10,10,0,10,10,10,10,10,20,5,60
576,10,10,2.194587642,10,10,0,10,10,10,10,10,20,5,60
577,10,10,2.280870889,10,10,0,10,10,10,10,10,20,5,60
578,10,10,2.384606143,10,10,0,10,10,10,10,10,20,5,60
579,10,10,2.480902194,10,10,0,10,10,10,10,10,20,5,60
580,10,10,2.480902194,10,10,0,10,10,10,10,10,20,5,60
581,10,10,7.904639538,10,10,0,10,10,10,10,10,20,5,60
582,10,10,6.978618506,10,10,0,10,10,10,10,10,20,5,60
583,10,10,6.219695185,10,10,0,10,10,10,10,10,20,5,60
584,10,10,5.674585435,10,10,0,10,10,10,10,10,20,5,60
585,10,10,5.075766955,10,10,0,10,10,10,10,10,20,5,60
586,10,10,4.706851,10,10,0,10,10,10,10,10,20,5,60
587,10,10,4.43675714,10,10,0,10,10,10,10,10,20,5,60
588,10,10,4.220910338,10,10,0,10,10,10,10,10,20,5,60
589,10,10,4.070707607,10,10,0,10,10,10,10,10,20,5,60
590,10,10,3.936902676,10,10,0,10,10,10,10,10,20,5,60
591,10,10,3.807350709,10,10,0,10,10,10,10,10,20,5,60
592,10,10,3.635111813,10,10,0,10,10,10,10,10,20,5,60
593,10,10,3.373022209,10,10,0,10,10,10,10,10,20,5,60
594,10,10,3.031716749,10,10,0,10,10,10,10,10,20,5,60
595,10,10,2.932529858,10,10,0,10,10,10,10,10,20,5,60
596,10,10,2.598998755,10,10,0,10,10,10,10,10,20,5,60
597,10,10,2.444216736,10,10,0,10,10,10,10,10,20,5,60
598,10,10,2.428445806,10,10,0,10,10,10,10,10,20,5,60
599,10,10,2.638592294,10,10,0,10,10,10,10,10,20,5,60
600,10,10,2.880144587,10,10,0,10,10,10,10,10,20,5,60
601,10,10,3.084572129,10,10,0,10,10,10,10,10,20,5,60
602,10,10,3.28902281,10,10,0,10,10,10,10,10,20,5,60
603,10,10,3.425615953,10,10,0,10,10,10,10,10,20,5,60
604,10,10,3.556249608,10,10,0,10,10,10,10,10,20,5,60
605,10,10,3.695346997,10,10,0,10,10,10,10,10,20,5,60
606,10,10,3.591791031,10,10,0,10,10,10,10,10,20,5,60
607,10,10,3.657958533,10,10,0,10,10,10,10,10,20,5,60
608,10,10,3.747079244,10,10,0,10,10,10,10,10,20,5,60
609,10,10,3.831190095,10,10,0,10,10,10,10,10,20,5,60
610,10,10,3.932720834,10,10,0,10,10,10,10,10,20,5,60
611,10,10,4.037755823,10,10,0,10,10,10,10,10,20,5,60
612,10,10,4.13920543,10,10,0,10,10,10,10,10,20,5,60
613,10,10,4.233199321,10,10,0,10,10,10,10,10,20,5,60
614,10,10,4.314984804,10,10,0,10,10,10,10,10,20,5,60
615,10,10,4.270246493,10,10,0,10,10,10,10,10,20,5,60
616,10,10,3.989918173,10,10,0,10,10,10,10,10,20,5,60
617,10,10,3.576196466,10,10,0,10,10,10,10,10,20,5,60
618,10,10,3.17883215,10,10,0,10,10,10,10,10,20,5,60
619,10,10,2.794303484,10,10,0,10,10,10,10,10,20,5,60
620,10,10,2.471265673,10,10,0,10,10,10,10,10,20,5,60
621,10,10,2.261647196,10,10,0,10,10,10,10,10,20,5,60
622,10,10,2.142149314,10,10,0,10,10,10,10,10,20,5,60
623,10,10,2.236806272,10,10,0,10,10,10,10,10,20,5,60
624,10,10,2.565314893,10,10,0,10,10,10,10,10,20,5,60
625,10,10,2.797284008,10,10,0,10,10,10,10,10,20,5,60
626,10,10,3.020072374,10,10,0,10,10,10,10,10,20,5,60
627,10,10,3.130632332,10,10,0,10,10,10,10,10,20,5,60
628,10,10,3.352549839,10,10,0,10,10,10,10,10,20,5,60
629,10,10,3.521212936,10,10,0,10,10,10,10,10,20,5,60
630,10,10,2.795178023,10,10,0,10,10,10,10,10,20,5,60
631,10,10,2.679954343,10,10,0,10,10,10,10,10,20,5,60
632,10,10,2.678187162,10,10,0,10,10,10,10,10,20,5,60
633,10,10,2.697263271,10,10,0,10,10,10,10,10,20,5,60
634,10,10,2.718814088,10,10,0,10,10,10,10,10,20,5,60
635,10,10,2.720135116,10,10,0,10,10,10,10,10,20,5,60
636,10,10,2.694299611,10,10,0,10,10,10,10,10,20,5,60
637,10,10,2.755164716,10,10,0,10,10,10,10,10,20,5,60
638,10,10,2.646919906,10,10,0,10,10,10,10,10,20,5,60
639,10,10,2.277316454,10,10,0,10,10,10,10,10,20,5,60
640,10,10,1.817895483,10,10,0,10,10,10,10,10,20,5,60
641,10,10,1.348326403,10,10,0,10,10,10,10,10,20,5,60
642,10,10,0.812068288,10,10,0,10,10,10,10,10,20,5,60
643,10,10,0.304628761,10,10,0,10,10,10,10,10,20,5,60
644,10,10,0.114058262,10,10,0,10,10,10,10,10,20,5,60
645,10,10,0,10,10,0,10,10,10,10,10,20,5,60
646,10,10,0,10,10,0,10,10,10,10,10,20,5,60
647,10,10,0,10,10,0,10,10,10,10,10,20,5,60
648,10,10,0,10,10,0,10,10,10,10,10,20,5,60
649,10,10,0.156309668,10,10,0,10,10,10,10,10,20,5,60
650,10,10,0.322369061,10,10,0,10,10,10,10,10,20,5,60
651,10,10,0.542011166,10,10,0,10,10,10,10,10,20,5,60
652,10,10,0.684387911,10,10,0,10,10,10,10,10,20,5,60
653,10,10,0.862440283,10,10,0,10,10,10,10,10,20,5,60
654,10,10,1.050531234,10,10,0,10,10,10,10,10,20,5,60
655,10,10,1.181556632,10,10,0,10,10,10,10,10,20,5,60
656,10,10,1.289812746,10,10,0,10,10,10,10,10,20,5,60
657,10,10,1.475491525,10,10,0,10,10,10,10,10,20,5,60
658,10,10,1.672726583,10,10,0,10,10,10,10,10,20,5,60
659,10,10,1.828169953,10,10,0,10,10,10,10,10,20,5,60
660,10,10,1.999315257,10,10,0,10,10,10,10,10,20,5,60
661,10,10,2.184025632,10,10,0,10,10,10,10,10,20,5,60
662,10,10,2.281687868,10,10,0,10,10,10,10,10,20,5,60
663,10,10,2.228450137,10,10,0,10,10,10,10,10,20,5,60
664,10,10,1.952217081,10,10,0,10,10,10,10,10,20,5,60
665,10,10,1.689598359,10,10,0,10,10,10,10,10,20,5,60
666,10,10,0.944420832,10,10,0,10,10,10,10,10,20,5,60
667,10,10,0.433827772,10,10,0,10,10,10,10,10,20,5,60
668,10,10,0.085753921,10,10,0,10,10,10,10,10,20,5,60
669,10,10,0.124592472,10,10,0,10,10,10,10,10,20,5,60
670,10,10,0.046789011,10,10,0,10,10,10,10,10,20,5,60
671,10,10,0.264310534,10,10,0,10,10,10,10,10,20,5,60
672,10,10,0.369928931,10,10,0,10,10,10,10,10,20,5,60
673,10,10,0.504730934,10,10,0,10,10,10,10,10,20,5,60
674,10,10,0.786241581,10,10,0,10,10,10,10,10,20,5,60
675,10,10,1.06279829,10,10,0,10,10,10,10,10,20,5,60
676,10,10,1.356162945,10,10,0,10,10,10,10,10,20,5,60
677,10,10,1.570822025,10,10,0,10,10,10,10,10,20,5,60
678,10,10,2.085933284,10,10,0,10,10,10,10,10,20,5,60
679,10,10,2.375703898,10,10,0,10,10,10,10,10,20,5,60
680,10,10,2.569733898,10,10,0,10,10,10,10,10,20,5,60
681,10,10,2.712875804,10,10,0,10,10,10,10,10,20,5,60
682,10,10,2.83682929,10,10,0,10,10,10,10,10,20,5,60
683,10,10,3.013920875,10,10,0,10,10,10,10,10,20,5,60
684,10,10,3.000538038,10,10,0,10,10,10,10,10,20,5,60
685,10,10,3.214284097,10,10,0,10,10,10,10,10,20,5,60
686,10,10,3.247263788,10,10,0,10,10,10,10,10,20,5,60
687,10,10,3.254622951,10,10,0,10,10,10,10,10,20,5,60
688,10,10,2.772366905,10,10,0,10,10,10,10,10,20,5,60
689,10,10,2.317818989,10,10,0,10,10,10,10,10,20,5,60
690,10,10,1.858903811,10,10,0,10,10,10,10,10,20,5,60
691,10,10,1.465993528,10,10,0,10,10,10,10,10,20,5,60
692,10,10,1.159946634,10,10,0,10,10,10,10,10,20,5,60
693,10,10,0.999879646,10,10,0,10,10,10,10,10,20,5,60
694,10,10,1.036669828,10,10,0,10,10,10,10,10,20,5,60
695,10,10,1.270754444,10,10,0,10,10,10,10,10,20,5,60
696,10,10,1.542310065,10,10,0,10,10,10,10,10,20,5,60
697,10,10,1.791050151,10,10,0,10,10,10,10,10,20,5,60
698,10,10,1.932696027,10,10,0,10,10,10,10,10,20,5,60
699,10,10,1.973530603,10,10,0,10,10,10,10,10,20,5,60
700,10,10,2.03614286,10,10,0,10,10,10,10,10,20,5,60
701,10,10,2.097191705,10,10,0,10,10,10,10,10,20,5,60
702,10,10,2.723356811,10,10,0,10,10,10,10,10,20,5,60
703,10,10,2.930104515,10,10,0,10,10,10,10,10,20,5,60
704,10,10,3.092235808,10,10,0,10,10,10,10,10,20,5,60
705,10,10,3.235747987,10,10,0,10,10,10,10,10,20,5,60
706,10,10,3.363085588,10,10,0,10,10,10,10,10,20,5,60
707,10,10,3.338297489,10,10,0,10,10,10,10,10,20,5,60
708,10,10,3.393996515,10,10,0,10,10,10,10,10,20,5,60
709,10,10,3.375700889,10,10,0,10,10,10,10,10,20,5,60
710,10,10,3.427891489,10,10,0,10,10,10,10,10,20,5,60
711,10,10,3.455255287,10,10,0,10,10,10,10,10,20,5,60
712,10,10,3.334515498,10,10,0,10,10,10,10,10,20,5,60
713,10,10,3.006888539,10,10,0,10,10,10,10,10,20,5,60
714,10,10,2.540232095,10,10,0,10,10,10,10,10,20,5,60
715,10,10,2.233170243,10,10,0,10,10,10,10,10,20,5,60
716,10,10,1.945078797,10,10,0,10,10,10,10,10,20,5,60
717,10,10,1.834942611,10,10,0,10,10,10,10,10,20,5,60
718,10,10,1.838347991,10,10,0,10,10,10,10,10,20,5,60
719,10,10,1.980700725,10,10,0,10,10,10,10,10,20,5,60
720,10,10,2.110336331,10,10,0,10,10,10,10,10,20,5,60
721,10,10,2.194587642,10,10,0,10,10,10,10,10,20,5,60
722,10,10,2.280870889,10,10,0,10,10,10,10,10,20,5,60
723,10,10,2.384606143,10,10,0,10,10,10,10,10,20,5,60
724,10,10,2.480902194,10,10,0,10,10,10,10,10,20,5,60
725,10,10,2.480902194,10,10,0,10,10,10,10,10,20,5,60
726,10,10,7.904639538,10,10,0,10,10,10,10,10,20,5,60
727,10,10,6.978618506,10,10,0,10,10,10,10,10,20,5,60
728,10,10,6.219695185,10,10,0,10,10,10,10,10,20,5,60
729,10,10,5.674585435,10,10,0,10,10,10,10,10,20,5,60
730,10,10,5.075766955,10,10,0,10,10,10,10,10,20,5,60
731,10,10,4.706851,10,10,0,10,10,10,10,10,20,5,60
732,10,10,4.43675714,10,10,0,10,10,10,10,10,20,5,60
733,10,10,4.220910338,10,10,0,10,10,10,10,10,20,5,60
734,10,10,4.070707607,10,10,0,10,10,10,10,10,20,5,60
735,10,10,3.936902676,10,10,0,10,10,10,10,10,20,5,60
736,10,10,3.807350709,10,10,0,10,10,10,10,10,20,5,60
737,10,10,3.635111813,10,10,0,10,10,10,10,10,20,5,60
738,10,10,3.373022209,10,10,0,10,10,10,10,10,20,5,60
739,10,10,3.031716749,10,10,0,10,10,10,10,10,20,5,60
740,10,10,2.932529858,10,10,0,10,10,10,10,10,20,5,60
741,10,10,2.598998755,10,10,0,10,10,10,10,10,20,5,60
742,10,10,2.444216736,10,10,0,10,10,10,10,10,20,5,60
743,10,10,2.428445806,10,10,0,10,10,10,10,10,20,5,60
744,10,10,2.638592294,10,10,0,10,10,10,10,10,20,5,60
745,10,10,2.880144587,10,10,0,10,10,10,10,10,20,5,60
746,10,10,3.084572129,10,10,0,10,10,10,10,10,20,5,60
747,10,10,3.28902281,10,10,0,10,10,10,10,10,20,5,60
748,10,10,3.425615953,10,10,0,10,10,10,10,10,20,5,60
749,10,10,3.556249608,10,10,0,10,10,10,10,10,20,5,60
750,10,10,3.695346997,10,10,0,10,10,10,10,10,20,5,60
751,10,10,3.591791031,10,10,0,10,10,10,10,10,20,5,60
752,10,10,3.657958533,10,10,0,10,10,10,10,10,20,5,60
753,10,10,3.747079244,10,10,0,10,10,10,10,10,20,5,60
754,10,10,3.831190095,10,10,0,10,10,10,10,10,20,5,60
755,10,10,3.932720834,10,10,0,10,10,10,10,10,20,5,60
756,10,10,4.037755823,10,10,0,10,10,10,10,10,20,5,60
757,10,10,4.13920543,10,10,0,10,10,10,10,10,20,5,60
758,10,10,4.233199321,10,10,0,10,10,10,10,10,20,5,60
759,10,10,4.314984804,10,10,0,10,10,10,10,10,20,5,60
760,10,10,4.270246493,10,10,0,10,10,10,10,10,20,5,60
761,10,10,3.989918173,10,10,0,10,10,10,10,10,20,5,60
762,10,10,3.576196466,10,10,0,10,10,10,10,10,20,5,60
763,10,10,3.17883215,10,10,0,10,10,10,10,10,20,5,60
764,10,10,2.794303484,10,10,0,10,10,10,10,10,20,5,60
765,10,10,2.471265673,10,10,0,10,10,10,10,10,20,5,60
766,10,10,2.261647196,10,10,0,10,10,10,10,10,20,5,60
767,10,10,2.142149314,10,10,0,10,10,10,10,10,20,5,60
768,10,10,2.236806272,10,10,0,10,10,10,10,10,20,5,60
769,10,10,2.565314893,10,10,0,10,10,10,10,10,20,5,60
770,10,10,2.797284008,10,10,0,10,10,10,10,10,20,5,60
771,10,10,3.020072374,10,10,0,10,10,10,10,10,20,5,60
772,10,10,3.130632332,10,10,0,10,10,10,10,10,20,5,60
773,10,10,3.352549839,10,10,0,10,10,10,10,10,20,5,60
774,10,10,3.521212936,10,10,0,10,10,10,10,10,20,5,60
775,10,10,2.795178023,10,10,0,10,10,10,10,10,20,5,60
776,10,10,2.679954343,10,10,0,10,10,10,10,10,20,5,60
777,10,10,2.678187162,10,10,0,10,10,10,10,10,20,5,60
778,10,10,2.697263271,10,10,0,10,10,10,10,10,20,5,60
779,10,10,2.718814088,10,10,0,10,10,10,10,10,20,5,60
780,10,10,2.720135116,10,10,0,10,10,10,10,10,20,5,60
781,10,10,2.694299611,10,10,0,10,10,10,10,10,20,5,60
782,10,10,2.755164716,10,10,0,10,10,10,10,10,20,5,60
783,10,10,2.646919906,10,10,0,10,10,10,10,10,20,5,60
784,10,10,2.277316454,10,10,0,10,10,10,10,10,20,5,60
785,10,10,1.817895483,10,10,0,10,10,10,10,10,20,5,60
786,10,10,1.348326403,10,10,0,10,10,10,10,10,20,5,60
787,10,10,0.812068288,10,10,0,10,10,10,10,10,20,5,60
788,10,10,0.304628761,10,10,0,10,10,10,10,10,20,5,60
789,10,10,0.114058262,10,10,0,10,10,10,10,10,20,5,60
790,10,10,0,10,10,0,10,10,10,10,10,20,5,60
791,10,10,0,10,10,0,10,10,10,10,10,20,5,60
792,10,10,0,10,10,0,10,10,10,10,10,20,5,60
793,10,10,0,10,10,0,10,10,10,10,10,20,5,60
794,10,10,0.156309668,10,10,0,10,10,10,10,10,20,5,60
795,10,10,0.322369061,10,10,0,10,10,10,10,10,20,5,60
796,10,10,0.542011166,10,10,0,10,10,10,10,10,20,5,60
797,10,10,0.684387911,10,10,0,10,10,10,10,10,20,5,60
798,10,10,0.862440283,10,10,0,10,10,10,10,10,20,5,60
799,10,10,1.050531234,10,10,0,10,10,10,10,10,20,5,60
800,10,10,1.181556632,10,10,0,10,10,10,10,10,20,5,60
801,10,10,1.289812746,10,10,0,10,10,10,10,10,20,5,60
802,10,10,1.475491525,10,10,0,10,10,10,10,10,20,5,60
803,10,10,1.672726583,10,10,0,10,10,10,10,10,20,5,60
804,10,10,1.828169953,10,10,0,10,10,10,10,10,20,5,60
805,10,10,1.999315257,10,10,0,10,10,10,10,10,20,5,60
806,10,10,2.184025632,10,10,0,10,10,10,10,10,20,5,60
807,10,10,2.281687868,10,10,0,10,10,10,10,10,20,5,60
808,10,10,2.228450137,10,10,0,10,10,10,10,10,20,5,60
809,10,10,1.952217081,10,10,0,10,10,10,10,10,20,5,60
810,10,10,1.689598359,10,10,0,10,10,10,10,10,20,5,60
811,10,10,0.944420832,10,10,0,10,10,10,10,10,20,5,60
812,10,10,0.433827772,10,10,0,10,10,10,10,10,20,5,60
813,10,10,0.085753921,10,10,0,10,10,10,10,10,20,5,60
814,10,10,0.124592472,10,10,0,10,10,10,10,10,20,5,60
815,10,10,0.046789011,10,10,0,10,10,10,10,10,20,5,60
816,10,10,0.264310534,10,10,0,10,10,10,10,10,20,5,60
817,10,10,0.369928931,10,10,0,10,10,10,10,10,20,5,60
818,10,10,0.504730934,10,10,0,10,10,10,10,10,20,5,60
819,10,10,0.786241581,10,10,0,10,10,10,10,10,20,5,60
820,10,10,1.06279829,10,10,0,10,10,10,10,10,20,5,60
821,10,10,1.356162945,10,10,0,10,10,10,10,10,20,5,60
822,10,10,1.570822025,10,10,0,10,10,10,10,10,20,5,60
823,10,10,2.085933284,10,10,0,10,10,10,10,10,20,5,60
824,10,10,2.375703898,10,10,0,10,10,10,10,10,20,5,60
825,10,10,2.569733898,10,10,0,10,10,10,10,10,20,5,60
826,10,10,2.712875804,10,10,0,10,10,10,10,10,20,5,60
827,10,10,2.83682929,10,10,0,10,10,10,10,10,20,5,60
828,10,10,3.013920875,10,10,0,10,10,10,10,10,20,5,60
829,10,10,3.000538038,10,10,0,10,10,10,10,10,20,5,60
830,10,10,3.214284097,10,10,0,10,10,10,10,10,20,5,60
831,10,10,3.247263788,10,10,0,10,10,10,10,10,20,5,60
832,10,10,3.254622951,10,10,0,10,10,10,10,10,20,5,60
833,10,10,2.772366905,10,10,0,10,10,10,10,10,20,5,60
834,10,10,2.317818989,10,10,0,10,10,10,10,10,20,5,60
835,10,10,1.858903811,10,10,0,10,10,10,10,10,20,5,60
836,10,10,1.465993528,10,10,0,10,10,10,10,10,20,5,60
837,10,10,1.159946634,10,10,0,10,10,10,10,10,20,5,60
838,10,10,0.999879646,10,10,0,10,10,10,10,10,20,5,60
839,10,10,1.036669828,10,10,0,10,10,10,10,10,20,5,60
840,10,10,1.270754444,10,10,0,10,10,10,10,10,20,5,60
841,10,10,1.542310065,10,10,0,10,10,10,10,10,20,5,60
842,10,10,1.791050151,10,10,0,10,10,10,10,10,20,5,60
843,10,10,1.932696027,10,10,0,10,10,10,10,10,20,5,60
844,10,10,1.973530603,10,10,0,10,10,10,10,10,20,5,60
845,10,10,2.03614286,10,10,0,10,10,10,10,10,20,5,60
846,10,10,2.097191705,10,10,0,10,10,10,10,10,20,5,60
847,10,10,2.723356811,10,10,0,10,10,10,10,10,20,5,60
848,10,10,2.930104515,10,10,0,10,10,10,10,10,20,5,60
849,10,10,3.092235808,10,10,0,10,10,10,10,10,20,5,60
850,10,10,3.235747987,10,10,0,10,10,10,10,10,20,5,60
851,10,10,3.363085588,10,10,0,10,10,10,10,10,20,5,60
852,10,10,3.338297489,10,10,0,10,10,10,10,10,20,5,60
853,10,10,3.393996515,10,10,0,10,10,10,10,10,20,5,60
854,10,10,3.375700889,10,10,0,10,10,10,10,10,20,5,60
855,10,10,3.427891489,10,10,0,10,10,10,10,10,20,5,60
856,10,10,3.455255287,10,10,0,10,10,10,10,10,20,5,60
857,10,10,3.334515498,10,10,0,10,10,10,10,10,20,5,60
858,10,10,3.006888539,10,10,0,10,10,10,10,10,20,5,60
859,10,10,2.540232095,10,10,0,10,10,10,10,10,20,5,60
860,10,10,2.233170243,10,10,0,10,10,10,10,10,20,5,60
861,10,10,1.945078797,10,10,0,10,10,10,10,10,20,5,60
862,10,10,1.834942611,10,10,0,10,10,10,10,10,20,5,60
863,10,10,1.838347991,10,10,0,10,10,10,10,10,20,5,60
864,10,10,1.980700725,10,10,0,10,10,10,10,10,20,5,60
865,10,10,2.110336331,10,10,0,10,10,10,10,10,20,5,60
866,10,10,2.194587642,10,10,0,10,10,10,10,10,20,5,60
867,10,10,2.280870889,10,10,0,10,10,10,10,10,20,5,60
868,10,10,2.384606143,10,10,0,10,10,10,10,10,20,5,60
869,10,10,2.480902194,10,10,0,10,10,10,10,10,20,5,60
870,10,10,2.480902194,10,10,0,10,10,10,10,10,20,5,60
871,10,10,7.904639538,10,10,0,10,10,10,10,10,20,5,60
872,10,10,6.978618506,10,10,0,10,10,10,10,10,20,5,60
873,10,10,6.219695185,10,10,0,10,10,10,10,10,20,5,60
874,10,10,5.674585435,10,10,0,10,10,10,10,10,20,5,60
875,10,10,5.075766955,10,10,0,10,10,10,10,10,20,5,60
876,10,10,4.706851,10,10,0,10,10,10,10,10,20,5,60
877,10,10,4.43675714,10,10,0,10,10,10,10,10,20,5,60
878,10,10,4.220910338,10,10,0,10,10,10,10,10,20,5,60
879,10,10,4.070707607,10,10,0,10,10,10,10,10,20,5,60
880,10,10,3.936902676,10,10,0,10,10,10,10,10,20,5,60
881,10,10,3.807350709,10,10,0,10,10,10,10,10,20,5,60
882,10,10,3.635111813,10,10,0,10,10,10,10,10,20,5,60
883,10,10,3.373022209,10,10,0,10,10,10,10,10,20,5,60
884,10,10,3.031716749,10,10,0,10,10,10,10,10,20,5,60
885,10,10,2.932529858,10,10,0,10,10,10,10,10,20,5,60
886,10,10,2.598998755,10,10,0,10,10,10,10,10,20,5,60
887,10,10,2.444216736,10,10,0,10,10,10,10,10,20,5,60
888,10,10,2.428445806,10,10,0,10,10,10,10,10,20,5,60
889,10,10,2.638592294,10,10,0,10,10,10,10,10,20,5,60
890,10,10,2.880144587,10,10,0,10,10,10,10,10,20,5,60
891,10,10,3.084572129,10,10,0,10,10,10,10,10,20,5,60
892,10,10,3.28902281,10,10,0,10,10,10,10,10,20,5,60
893,10,10,3.425615953,10,10,0,10,10,10,10,10,20,5,60
894,10,10,3.556249608,10,10,0,10,10,10,10,10,20,5,60
895,10,10,3.695346997,10,10,0,10,10,10,10,10,20,5,60
896,10,10,3.591791031,10,10,0,10,10,10,10,10,20,5,60
897,10,10,3.657958533,10,10,0,10,10,10,10,10,20,5,60
898,10,10,3.747079244,10,10,0,10,10,10,10,10,20,5,60
899,10,10,3.831190095,10,10,0,10,10,10,10,10,20,5,60
900,10,10,3.932720834,10,10,0,10,10,10,10,10,20,5,60
901,10,10,4.037755823,10,10,0,10,10,10,10,10,20,5,60
902,10,10,4.13920543,10,10,0,10,10,10,10,10,20,5,60
903,10,10,4.233199321,10,10,0,10,10,10,10,10,20,5,60
904,10,10,4.314984804,10,10,0,10,10,10,10,10,20,5,60
905,10,10,4.270246493,10,10,0,10,10,10,10,10,20,5,60
906,10,10,3.989918173,10,10,0,10,10,10,10,10,20,5,60
907,10,10,3.576196466,10,10,0,10,10,10,10,10,20,5,60
908,10,10,3.17883215,10,10,0,10,10,10,10,10,20,5,60
909,10,10,2.794303484,10,10,0,10,10,10,10,10,20,5,60
910,10,10,2.471265673,10,10,0,10,10,10,10,10,20,5,60
911,10,10,2.261647196,10,10,0,10,10,10,10,10,20,5,60
912,10,10,2.142149314,10,10,0,10,10,10,10,10,20,5,60
913,10,10,2.236806272,10,10,0,10,10,10,10,10,20,5,60
914,10,10,2.565314893,10,10,0,10,10,10,10,10,20,5,60
915,10,10,2.797284008,10,10,0,10,10,10,10,10,20,5,60
916,10,10,3.020072374,10,10,0,10,10,10,10,10,20,5,60
917,10,10,3.130632332,10,10,0,10,10,10,10,10,20,5,60
918,10,10,3.352549839,10,10,0,10,10,10,10,10,20,5,60
919,10,10,3.521212936,10,10,0,10,10,10,10,10,20,5,60
920,10,10,2.795178023,10,10,0,10,10,10,10,10,20,5,60
921,10,10,2.679954343,10,10,0,10,10,10,10,10,20,5,60
922,10,10,2.678187162,10,10,0,10,10,10,10,10,20,5,60
923,10,10,2.697263271,10,10,0,10,10,10,10,10,20,5,60
924,10,10,2.718814088,10,10,0,10,10,10,10,10,20,5,60
925,10,10,2.720135116,10,10,0,10,10,10,10,10,20,5,60
926,10,10,2.694299611,10,10,0,10,10,10,10,10,20,5,60
927,10,10,2.755164716,10,10,0,10,10,10,10,10,20,5,60
928,10,10,2.646919906,10,10,0,10,10,10,10,10,20,5,60
929,10,10,2.277316454,10,10,0,10,10,10,10,10,20,5,60
930,10,10,1.817895483,10,10,0,10,10,10,10,10,20,5,60
931,10,10,1.348326403,10,10,0,10,10,10,10,10,20,5,60
932,10,10,0.812068288,10,10,0,10,10,10,10,10,20,5,60
933,10,10,0.304628761,10,10,0,10,10,10,10,10,20,5,60
934,10,10,0.114058262,10,10,0,10,10,10,10,10,20,5,60
935,10,10,0,10,10,0,10,10,10,10,10,20,5,60
936,10,10,0,10,10,0,10,10,10,10,10,20,5,60
937,10,10,0,10,10,0,10,10,10,10,10,20,5,60
938,10,10,0,10,10,0,10,10,10,10,10,20,5,60
939,10,10,0.156309668,10,10,0,10,10,10,10,10,20,5,60
940,10,10,0.322369061,10,10,0,10,10,10,10,10,20,5,60
941,10,10,0.542011166,10,10,0,10,10,10,10,10,20,5,60
942,10,10,0.684387911,10,10,0,10,10,10,10,10,20,5,60
943,10,10,0.862440283,10,10,0,10,10,10,10,10,20,5,60
944,10,10,1.050531234,10,10,0,10,10,10,10,10,20,5,60
945,10,10,1.181556632,10,10,0,10,10,10,10,10,20,5,60
946,10,10,1.289812746,10,10,0,10,10,10,10,10,20,5,60
947,10,10,1.475491525,10,10,0,10,10,10,10,10,20,5,60
948,10,10,1.672726583,10,10,0,10,10,10,10,10,20,5,60
949,10,10,1.828169953,10,10,0,10,10,10,10,10,20,5,60
950,10,10,1.999315257,10,10,0,10,10,10,10,10,20,5,60
951,10,10,2.184025632,10,10,0,10,10,10,10,10,20,5,60
952,10,10,2.281687868,10,10,0,10,10,10,10,10,20,5,60
953,10,10,2.228450137,10,10,0,10,10,10,10,10,20,5,60
954,10,10,1.952217081,10,10,0,10,10,10,10,10,20,5,60
955,10,10,1.689598359,10,10,0,10,10,10,10,10,20,5,60
956,10,10,0.944420832,10,10,0,10,10,10,10,10,20,5,60
957,10,10,0.433827772,10,10,0,10,10,10,10,10,20,5,60
958,10,10,0.085753921,10,10,0,10,10,10,10,10,20,5,60
959,10,10,0.124592472,10,10,0,10,10,10,10,10,20,5,60
960,10,10,0.046789011,10,10,0,10,10,10,10,10,20,5,60
961,10,10,0.264310534,10,10,0,10,10,10,10,10,20,5,60
962,10,10,0.369928931,10,10,0,10,10,10,10,10,20,5,60
963,10,10,0.504730934,10,10,0,10,10,10,10,10,20,5,60
964,10,10,0.786241581,10,10,0,10,10,10,10,10,20,5,60
965,10,10,1.06279829,10,10,0,10,10,10,10,10,20,5,60
966,10,10,1.356162945,10,10,0,10,10,10,10,10,20,5,60
967,10,10,1.570822025,10,10,0,10,10,10,10,10,20,5,60
968,10,10,2.085933284,10,10,0,10,10,10,10,10,20,5,60
969,10,10,2.375703898,10,10,0,10,10,10,10,10,20,5,60
970,10,10,2.569733898,10,10,0,10,10,10,10,10,20,5,60
971,10,10,2.712875804,10,10,0,10,10,10,10,10,20,5,60
972,10,10,2.83682929,10,10,0,10,10,10,10,10,20,5,60
973,10,10,3.013920875,10,10,0,10,10,10,10,10,20,5,60
974,10,10,3.000538038,10,10,0,10,10,10,10,10,20,5,60
975,10,10,3.214284097,10,10,0,10,10,10,10,10,20,5,60
976,10,10,3.247263788,10,10,0,10,10,10,10,10,20,5,60
977,10,10,3.254622951,10,10,0,10,10,10,10,10,20,5,60
978,10,10,2.772366905,10,10,0,10,10,10,10,10,20,5,60
979,10,10,2.317818989,10,10,0,10,10,10,10,10,20,5,60
980,10,10,1.858903811,10,10,0,10,10,10,10,10,20,5,60
981,10,10,1.465993528,10,10,0,10,10,10,10,10,20,5,60
982,10,10,1.159946634,10,10,0,10,10,10,10,10,20,5,60
983,10,10,0.999879646,10,10,0,10,10,10,10,10,20,5,60
984,10,10,1.036669828,10,10,0,10,10,10,10,10,20,5,60
985,10,10,1.270754444,10,10,0,10,10,10,10,10,20,5,60
986,10,10,1.542310065,10,10,0,10,10,10,10,10,20,5,60
987,10,10,1.791050151,10,10,0,10,10,10,10,10,20,5,60
988,10,10,1.932696027,10,10,0,10,10,10,10,10,20,5,60
989,10,10,1.973530603,10,10,0,10,10,10,10,10,20,5,60
990,10,10,2.03614286,10,10,0,10,10,10,10,10,20,5,60
991,10,10,2.097191705,10,10,0,10,10,10,10,10,20,5,60
992,10,10,2.723356811,10,10,0,10,10,10,10,10,20,5,60
993,10,10,2.930104515,10,10,0,10,10,10,10,10,20,5,60
994,10,10,3.092235808,10,10,0,10,10,10,10,10,20,5,60
995,10,10,3.235747987,10,10,0,10,10,10,10,10,20,5,60
996,10,10,3.363085588,10,10,0,10,10,10,10,10,20,5,60
997,10,10,3.338297489,10,10,0,10,10,10,10,10,20,5,60
998,10,10,3.393996515,10,10,0,10,10,10,10,10,20,5,60
999,10,10,3.375700889,10,10,0,10,10,10,10,10,20,5,60
1000,10,10,3.427891489,10,10,0,10,10,10,10,10,20,5,60
1001,10,10,3.455255287,10,10,0,10,10,10,10,10,20,5,60
1002,10,10,3.334515498,10,10,0,10,10,10,10,10,20,5,60
1003,10,10,3.006888539,10,10,0,10,10,10,10,10,20,5,60
1004,10,10,2.540232095,10,10,0,10,10,10,10,10,20,5,60
1005,10,10,2.233170243,10,10,0,10,10,10,10,10,20,5,60
1006,10,10,1.945078797,10,10,0,10,10,10,10,10,20,5,60
1007,10,10,1.834942611,10,10,0,10,10,10,10,10,20,5,60
1008,10,10,1.838347991,10,10,0,10,10,10,10,10,20,5,60
1009,10,10,1.980700725,10,10,0,10,10,10,10,10,20,5,60
1010,10,10,2.110336331,10,10,0,10,10,10,10,10,20,5,60
1011,10,10,2.194587642,10,10,0,10,10,10,10,10,20,5,60
1012,10,10,2.280870889,10,10,0,10,10,10,10,10,20,5,60
1013,10,10,2.384606143,10,10,0,10,10,10,10,10,20,5,60
1014,10,10,2.480902194,10,10,0,10,10,10,10,10,20,5,60
1015,10,10,2.480902194,10,10,0,10,10,10,10,10,20,5,60
1016,10,10,7.904639538,10,10,0,10,10,10,10,10,20,5,60
1017,10,10,6.978618506,10,10,0,10,10,10,10,10,20,5,60
1018,10,10,6.219695185,10,10,0,10,10,10,10,10,20,5,60
1019,10,10,5.674585435,10,10,0,10,10,10,10,10,20,5,60
1020,10,10,5.075766955,10,10,0,10,10,10,10,10,20,5,60
1021,10,10,4.706851,10,10,0,10,10,10,10,10,20,5,60
1022,10,10,4.43675714,10,10,0,10,10,10,10,10,20,5,60
1023,10,10,4.220910338,10,10,0,10,10,10,10,10,20,5,60
1024,10,10,4.070707607,10,10,0,10,10,10,10,10,20,5,60
1025,10,10,3.936902676,10,10,0,10,10,10,10,10,20,5,60
1026,10,10,3.807350709,10,10,0,10,10,10,10,10,20,5,60
1027,10,10,3.635111813,10,10,0,10,10,10,10,10,20,5,60
1028,10,10,3.373022209,10,10,0,10,10,10,10,10,20,5,60
1029,10,10,3.031716749,10,10,0,10,10,10,10,10,20,5,60
1030,10,10,2.932529858,10,10,0,10,10,10,10,10,20,5,60
1031,10,10,2.598998755,10,10,0,10,10,10,10,10,20,5,60
1032,10,10,2.444216736,10,10,0,10,10,10,10,10,20,5,60
1033,10,10,2.428445806,10,10,0,10,10,10,10,10,20,5,60
1034,10,10,2.638592294,10,10,0,10,10,10,10,10,20,5,60
1035,10,10,2.880144587,10,10,0,10,10,10,10,10,20,5,60
1036,10,10,3.084572129,10,10,0,10,10,10,10,10,20,5,60
1037,10,10,3.28902281,10,10,0,10,10,10,10,10,20,5,60
1038,10,10,3.425615953,10,10,0,10,10,10,10,10,20,5,60
1039,10,10,3.556249608,10,10,0,10,10,10,10,10,20,5,60
1040,10,10,3.695346997,10,10,0,10,10,10,10,10,20,5,60
1041,10,10,3.591791031,10,10,0,10,10,10,10,10,20,5,60
1042,10,10,3.657958533,10,10,0,10,10,10,10,10,20,5,60
1043,10,10,3.747079244,10,10,0,10,10,10,10,10,20,5,60
1044,10,10,3.831190095,10,10,0,10,10,10,10,10,20,5,60
1045,10,10,3.932720834,10,10,0,10,10,10,10,10,20,5,60
1046,10,10,4.037755823,10,10,0,10,10,10,10,10,20,5,60
1047,10,10,4.13920543,10,10,0,10,10,10,10,10,20,5,60
1048,10,10,4.233199321,10,10,0,10,10,10,10,10,20,5,60
1049,10,10,4.314984804,10,10,0,10,10,10,10,10,20,5,60
1050,10,10,4.270246493,10,10,0,10,10,10,10,10,20,5,60
1051,10,10,3.989918173,10,10,0,10,10,10,10,10,20,5,60
1052,10,10,3.576196466,10,10,0,10,10,10,10,10,20,5,60
1053,10,10,3.17883215,10,10,0,10,10,10,10,10,20,5,60
1054,10,10,2.794303484,10,10,0,10,10,10,10,10,20,5,60
1055,10,10,2.471265673,10,10,0,10,10,10,10,10,20,5,60
1056,10,10,2.261647196,10,10,0,10,10,10,10,10,20,5,60
1057,10,10,2.142149314,10,10,0,10,10,10,10,10,20,5,60
1058,10,10,2.236806272,10,10,0,10,10,10,10,10,20,5,60
1059,10,10,2.565314893,10,10,0,10,10,10,10,10,20,5,60
1060,10,10,2.797284008,10,10,0,10,10,10,10,10,20,5,60
1061,10,10,3.020072374,10,10,0,10,10,10,10,10,20,5,60
1062,10,10,3.130632332,10,10,0,10,10,10,10,10,20,5,60
1063,10,10,3.352549839,10,10,0,10,10,10,10,10,20,5,60
1064,10,10,3.521212936,10,10,0,10,10,10,10,10,20,5,60
1065,10,10,2.795178023,10,10,0,10,10,10,10,10,20,5,60
1066,10,10,2.679954343,10,10,0,10,10,10,10,10,20,5,60
1067,10,10,2.678187162,10,10,0,10,10,10,10,10,20,5,60
1068,10,10,2.697263271,10,10,0,10,10,10,10,10,20,5,60
1069,10,10,2.718814088,10,10,0,10,10,10,10,10,20,5,60
1070,10,10,2.720135116,10,10,0,10,10,10,10,10,20,5,60
1071,10,10,2.694299611,10,10,0,10,10,10,10,10,20,5,60
1072,10,10,2.755164716,10,10,0,10,10,10,10,10,20,5,60
1073,10,10,2.646919906,10,10,0,10,10,10,10,10,20,5,60
1074,10,10,2.277316454,10,10,0,10,10,10,10,10,20,5,60
1075,10,10,1.817895483,10,10,0,10,10,10,10,10,20,5,60
1076,10,10,1.348326403,10,10,0,10,10,10,10,10,20,5,60
1077,10,10,0.812068288,10,10,0,10,10,10,10,10,20,5,60
1078,10,10,0.304628761,10,10,0,10,10,10,10,10,20,5,60
1079,10,10,0.114058262,10,10,0,10,10,10,10,10,20,5,60
1080,10,10,0,10,10,0,10,10,10,10,10,20,5,60
1081,10,10,0,10,10,0,10,10,10,10,10,20,5,60
1082,10,10,0,10,10,0,10,10,10,10,10,20,5,60
1083,10,10,0,10,10,0,10,10,10,10,10,20,5,60
1084,10,10,0.156309668,10,10,0,10,10,10,10,10,20,5,60
1085,10,10,0.322369061,10,10,0,10,10,10,10,10,20,5,60
1086,10,10,0.542011166,10,10,0,10,10,10,10,10,20,5,60
1087,10,10,0.684387911,10,10,0,10,10,10,10,10,20,5,60
1088,10,10,0.862440283,10,10,0,10,10,10,10,10,20,5,60
1089,10,10,1.050531234,10,10,0,10,10,10,10,10,20,5,60
1090,10,10,1.181556632,10,10,0,10,10,10,10,10,20,5,60
1091,10,10,1.289812746,10,10,0,10,10,10,10,10,20,5,60
1092,10,10,1.475491525,10,10,0,10,10,10,10,10,20,5,60
1093,10,10,1.672726583,10,10,0,10,10,10,10,10,20,5,60
1094,10,10,1.828169953,10,10,0,10,10,10,10,10,20,5,60
1095,10,10,1.999315257,10,10,0,10,10,10,10,10,20,5,60
1096,10,10,2.184025632,10,10,0,10,10,10,10,10,20,5,60
1097,10,10,2.281687868,10,10,0,10,10,10,10,10,20,5,60
1098,10,10,2.228450137,10,10,0,10,10,10,10,10,20,5,60
1099,10,10,1.952217081,10,10,0,10,10,10,10,10,20,5,60
1100,10,10,1.689598359,10,10,0,10,10,10,10,10,20,5,60
1101,10,10,0.944420832,10,10,0,10,10,10,10,10,20,5,60
1102,10,10,0.433827772,10,10,0,10,10,10,10,10,20,5,60
1103,10,10,0.085753921,10,10,0,10,10,10,10,10,20,5,60
1104,10,10,0.124592472,10,10,0,10,10,10,10,10,20,5,60
1105,10,10,0.046789011,10,10,0,10,10,10,10,10,20,5,60
1106,10,10,0.264310534,10,10,0,10,10,10,10,10,20,5,60
1107,10,10,0.369928931,10,10,0,10,10,10,10,10,20,5,60
1108,10,10,0.504730934,10,10,0,10,10,10,10,10,20,5,60
1109,10,10,0.786241581,10,10,0,10,10,10,10,10,20,5,60
1110,10,10,1.06279829,10,10,0,10,10,10,10,10,20,5,60
1111,10,10,1.356162945,10,10,0,10,10,10,10,10,20,5,60
1112,10,10,1.570822025,10,10,0,10,10,10,10,10,20,5,60
1113,10,10,2.085933284,10,10,0,10,10,10,10,10,20,5,60
1114,10,10,2.375703898,10,10,0,10,10,10,10,10,20,5,60
1115,10,10,2.569733898,10,10,0,10,10,10,10,10,20,5,60
1116,10,10,2.712875804,10,10,0,10,10,10,10,10,20,5,60
1117,10,10,2.83682929,10,10,0,10,10,10,10,10,20,5,60
1118,10,10,3.013920875,10,10,0,10,10,10,10,10,20,5,60
1119,10,10,3.000538038,10,10,0,10,10,10,10,10,20,5,60
1120,10,10,3.214284097,10,10,0,10,10,10,10,10,20,5,60
1121,10,10,3.247263788,10,10,0,10,10,10,10,10,20,5,60
1122,10,10,3.254622951,10,10,0,10,10,10,10,10,20,5,60
1123,10,10,2.772366905,10,10,0,10,10,10,10,10,20,5,60
1124,10,10,2.317818989,10,10,0,10,10,10,10,10,20,5,60
1125,10,10,1.858903811,10,10,0,10,10,10,10,10,20,5,60
1126,10,10,1.465993528,10,10,0,10,10,10,10,10,20,5,60
1127,10,10,1.159946634,10,10,0,10,10,10,10,10,20,5,60
1128,10,10,0.999879646,10,10,0,10,10,10,10,10,20,5,60
1129,10,10,1.036669828,10,10,0,10,10,10,10,10,20,5,60
1130,10,10,1.270754444,10,10,0,10,10,10,10,10,20,5,60
1131,10,10,1.542310065,10,10,0,10,10,10,10,10,20,5,60
1132,10,10,1.791050151,10,10,0,10,10,10,10,10,20,5,60
1133,10,10,1.932696027,10,10,0,10,10,10,10,10,20,5,60
1134,10,10,1.973530603,10,10,0,10,10,10,10,10,20,5,60
1135,10,10,2.03614286,10,10,0,10,10,10,10,10,20,5,60
1136,10,10,2.097191705,10,10,0,10,10,10,10,10,20,5,60
1137,10,10,2.723356811,10,10,0,10,10,10,10,10,20,5,60
1138,10,10,2.930104515,10,10,0,10,10,10,10,10,20,5,60
1139,10,10,3.092235808,10,10,0,10,10,10,10,10,20,5,60
1140,10,10,3.235747987,10,10,0,10,10,10,10,10,20,5,60
1141,10,10,3.363085588,10,10,0,10,10,10,10,10,20,5,60
1142,10,10,3.338297489,10,10,0,10,10,10,10,10,20,5,60
1143,10,10,3.393996515,10,10,0,10,10,10,10,10,20,5,60
1144,10,10,3.375700889,10,10,0,10,10,10,10,10,20,5,60
1145,10,10,3.427891489,10,10,0,10,10,10,10,10,20,5,60
1146,10,10,3.455255287,10,10,0,10,10,10,10,10,20,5,60
1147,10,10,3.334515498,10,10,0,10,10,10,10,10,20,5,60
1148,10,10,3.006888539,10,10,0,10,10,10,10,10,20,5,60
1149,10,10,2.540232095,10,10,0,10,10,10,10,10,20,5,60
1150,10,10,2.233170243,10,10,0,10,10,10,10,10,20,5,60
1151,10,10,1.945078797,10,10,0,10,10,10,10,10,20,5,60
1152,10,10,1.834942611,10,10,0,10,10,10,10,10,20,5,60
