time,buy_price,consumption_price,sell_price,reward_price,peak_categories,peak_tariff,peak_weight,energy_weight,time_res
1,0.16,0.02,0.05,0.108,A,2.5,1,30.41666667,0.25
2,0.16,0.02,0.05,0.108,A,2.5,1,30.41666667,0.25
3,0.16,0.02,0.05,0.108,A,2.5,1,30.41666667,0.25
4,0.16,0.02,0.05,0.108,A,2.5,1,30.41666667,0.25
5,0.16,0.02,0.05,0.108,A,2.5,1,30.41666667,0.25
6,0.16,0.02,0.05,0.108,A,2.5,1,30.41666667,0.25
7,0.16,0.02,0.05,0.108,A,2.5,1,30.41666667,0.25
8,0.16,0.02,0.05,0.108,A,2.5,1,30.41666667,0.25
9,0.16,0.02,0.05,0.108,A,2.5,1,30.41666667,0.25
10,0.16,0.02,0.05,0.108,A,2.5,1,30.41666667,0.25
11,0.16,0.02,0.05,0.108,A,2.5,1,30.41666667,0.25
12,0.16,0.02,0.05,0.108,A,2.5,1,30.41666667,0.25
13,0.16,0.02,0.05,0.108,A,2.5,1,30.41666667,0.25
14,0.16,0.02,0.05,0.108,A,2.5,1,30.41666667,0.25
15,0.16,0.02,0.05,0.108,A,2.5,1,30.41666667,0.25
16,0.16,0.02,0.05,0.108,A,2.5,1,30.41666667,0.25
17,0.16,0.02,0.05,0.108,A,2.5,1,30.41666667,0.25
18,0.16,0.02,0.05,0.108,A,2.5,1,30.41666667,0.25
19,0.16,0.02,0.05,0.108,A,2.5,1,30.41666667,0.25
20,0.16,0.02,0.05,0.108,A,2.5,1,30.41666667,0.25
21,0.16,0.02,0.05,0.108,A,2.5,1,30.41666667,0.25
22,0.16,0.02,0.05,0.108,A,2.5,1,30.41666667,0.25
23,0.16,0.02,0.05,0.108,A,2.5,1,30.41666667,0.25
24,0.16,0.02,0.05,0.108,A,2.5,1,30.41666667,0.25
25,0.16,0.02,0.05,0.108,A,2.5,1,30.41666667,0.25
26,0.16,0.02,0.05,0.108,A,2.5,1,30.41666667,0.25
27,0.16,0.02,0.05,0.108,A,2.5,1,30.41666667,0.25
28,0.16,0.02,0.05,0.108,A,2.5,1,30.41666667,0.25
29,0.16,0.02,0.05,0.108,A,2.5,1,30.41666667,0.25
30,0.16,0.02,0.05,0.108,A,2.5,1,30.41666667,0.25
31,0.16,0.02,0.05,0.108,A,2.5,1,30.41666667,0.25
32,0.16,0.02,0.05,0.108,A,2.5,1,30.41666667,0.25
33,0.16,0.02,0.05,0.108,A,2.5,1,30.41666667,0.25
34,0.16,0.02,0.05,0.108,A,2.5,1,30.41666667,0.25
35,0.16,0.02,0.05,0.108,A,2.5,1,30.41666667,0.25
36,0.16,0.02,0.05,0.108,A,2.5,1,30.41666667,0.25
37,0.16,0.02,0.05,0.108,A,2.5,1,30.41666667,0.25
38,0.16,0.02,0.05,0.108,A,2.5,1,30.41666667,0.25
39,0.16,0.02,0.05,0.108,A,2.5,1,30.41666667,0.25
40,0.16,0.02,0.05,0.108,A,2.5,1,30.41666667,0.25
41,0.16,0.02,0.05,0.108,A,2.5,1,30.41666667,0.25
42,0.16,0.02,0.05,0.108,A,2.5,1,30.41666667,0.25
43,0.16,0.02,0.05,0.108,A,2.5,1,30.41666667,0.25
44,0.16,0.02,0.05,0.108,A,2.5,1,30.41666667,0.25
45,0.16,0.02,0.05,0.108,A,2.5,1,30.41666667,0.25
46,0.16,0.02,0.05,0.108,A,2.5,1,30.41666667,0.25
47,0.16,0.02,0.05,0.108,A,2.5,1,30.41666667,0.25
48,0.16,0.02,0.05,0.108,A,2.5,1,30.41666667,0.25
49,0.16,0.02,0.05,0.108,A,2.5,1,30.41666667,0.25
50,0.16,0.02,0.05,0.108,A,2.5,1,30.41666667,0.25
51,0.16,0.02,0.05,0.108,A,2.5,1,30.41666667,0.25
52,0.16,0.02,0.05,0.108,A,2.5,1,30.41666667,0.25
53,0.16,0.02,0.05,0.108,A,2.5,1,30.41666667,0.25
54,0.16,0.02,0.05,0.108,A,2.5,1,30.41666667,0.25
55,0.16,0.02,0.05,0.108,A,2.5,1,30.41666667,0.25
56,0.16,0.02,0.05,0.108,A,2.5,1,30.41666667,0.25
57,0.16,0.02,0.05,0.108,A,2.5,1,30.41666667,0.25
58,0.16,0.02,0.05,0.108,A,2.5,1,30.41666667,0.25
59,0.16,0.02,0.05,0.108,A,2.5,1,30.41666667,0.25
60,0.16,0.02,0.05,0.108,A,2.5,1,30.41666667,0.25
61,0.16,0.02,0.05,0.108,A,2.5,1,30.41666667,0.25
62,0.16,0.02,0.05,0.108,A,2.5,1,30.41666667,0.25
63,0.16,0.02,0.05,0.108,A,2.5,1,30.41666667,0.25
64,0.16,0.02,0.05,0.108,A,2.5,1,30.41666667,0.25
65,0.16,0.02,0.05,0.108,A,2.5,1,30.41666667,0.25
66,0.16,0.02,0.05,0.108,A,2.5,1,30.41666667,0.25
67,0.16,0.02,0.05,0.108,A,2.5,1,30.41666667,0.25
68,0.16,0.02,0.05,0.108,A,2.5,1,30.41666667,0.25
69,0.16,0.02,0.05,0.108,A,2.5,1,30.41666667,0.25
70,0.16,0.02,0.05,0.108,A,2.5,1,30.41666667,0.25
71,0.16,0.02,0.05,0.108,A,2.5,1,30.41666667,0.25
72,0.16,0.02,0.05,0.108,A,2.5,1,30.41666667,0.25
73,0.16,0.02,0.05,0.108,A,2.5,1,30.41666667,0.25
74,0.16,0.02,0.05,0.108,A,2.5,1,30.41666667,0.25
75,0.16,0.02,0.05,0.108,A,2.5,1,30.41666667,0.25
76,0.16,0.02,0.05,0.108,A,2.5,1,30.41666667,0.25
77,0.16,0.02,0.05,0.108,A,2.5,1,30.41666667,0.25
78,0.16,0.02,0.05,0.108,A,2.5,1,30.41666667,0.25
79,0.16,0.02,0.05,0.108,A,2.5,1,30.41666667,0.25
80,0.16,0.02,0.05,0.108,A,2.5,1,30.41666667,0.25
81,0.16,0.02,0.05,0.108,A,2.5,1,30.41666667,0.25
82,0.16,0.02,0.05,0.108,A,2.5,1,30.41666667,0.25
83,0.16,0.02,0.05,0.108,A,2.5,1,30.41666667,0.25
84,0.16,0.02,0.05,0.108,A,2.5,1,30.41666667,0.25
85,0.16,0.02,0.05,0.108,A,2.5,1,30.41666667,0.25
86,0.16,0.02,0.05,0.108,A,2.5,1,30.41666667,0.25
87,0.16,0.02,0.05,0.108,A,2.5,1,30.41666667,0.25
88,0.16,0.02,0.05,0.108,A,2.5,1,30.41666667,0.25
89,0.16,0.02,0.05,0.108,A,2.5,1,30.41666667,0.25
90,0.16,0.02,0.05,0.108,A,2.5,1,30.41666667,0.25
91,0.16,0.02,0.05,0.108,A,2.5,1,30.41666667,0.25
92,0.16,0.02,0.05,0.108,A,2.5,1,30.41666667,0.25
93,0.16,0.02,0.05,0.108,A,2.5,1,30.41666667,0.25
94,0.16,0.02,0.05,0.108,A,2.5,1,30.41666667,0.25
95,0.16,0.02,0.05,0.108,A,2.5,1,30.41666667,0.25
96,0.16,0.02,0.05,0.108,A,2.5,1,30.41666667,0.25
97,0.16,0.02,0.05,0.108,B,2.5,1,30.41666667,0.25
98,0.16,0.02,0.05,0.108,B,2.5,1,30.41666667,0.25
99,0.16,0.02,0.05,0.108,B,2.5,1,30.41666667,0.25
100,0.16,0.02,0.05,0.108,B,2.5,1,30.41666667,0.25
101,0.16,0.02,0.05,0.108,B,2.5,1,30.41666667,0.25
102,0.16,0.02,0.05,0.108,B,2.5,1,30.41666667,0.25
103,0.16,0.02,0.05,0.108,B,2.5,1,30.41666667,0.25
104,0.16,0.02,0.05,0.108,B,2.5,1,30.41666667,0.25
105,0.16,0.02,0.05,0.108,B,2.5,1,30.41666667,0.25
106,0.16,0.02,0.05,0.108,B,2.5,1,30.41666667,0.25
107,0.16,0.02,0.05,0.108,B,2.5,1,30.41666667,0.25
108,0.16,0.02,0.05,0.108,B,2.5,1,30.41666667,0.25
109,0.16,0.02,0.05,0.108,B,2.5,1,30.41666667,0.25
110,0.16,0.02,0.05,0.108,B,2.5,1,30.41666667,0.25
111,0.16,0.02,0.05,0.108,B,2.5,1,30.41666667,0.25
112,0.16,0.02,0.05,0.108,B,2.5,1,30.41666667,0.25
113,0.16,0.02,0.05,0.108,B,2.5,1,30.41666667,0.25
114,0.16,0.02,0.05,0.108,B,2.5,1,30.41666667,0.25
115,0.16,0.02,0.05,0.108,B,2.5,1,30.41666667,0.25
116,0.16,0.02,0.05,0.108,B,2.5,1,30.41666667,0.25
117,0.16,0.02,0.05,0.108,B,2.5,1,30.41666667,0.25
118,0.16,0.02,0.05,0.108,B,2.5,1,30.41666667,0.25
119,0.16,0.02,0.05,0.108,B,2.5,1,30.41666667,0.25
120,0.16,0.02,0.05,0.108,B,2.5,1,30.41666667,0.25
121,0.16,0.02,0.05,0.108,B,2.5,1,30.41666667,0.25
122,0.16,0.02,0.05,0.108,B,2.5,1,30.41666667,0.25
123,0.16,0.02,0.05,0.108,B,2.5,1,30.41666667,0.25
124,0.16,0.02,0.05,0.108,B,2.5,1,30.41666667,0.25
125,0.16,0.02,0.05,0.108,B,2.5,1,30.41666667,0.25
126,0.16,0.02,0.05,0.108,B,2.5,1,30.41666667,0.25
127,0.16,0.02,0.05,0.108,B,2.5,1,30.41666667,0.25
128,0.16,0.02,0.05,0.108,B,2.5,1,30.41666667,0.25
129,0.16,0.02,0.05,0.108,B,2.5,1,30.41666667,0.25
130,0.16,0.02,0.05,0.108,B,2.5,1,30.41666667,0.25
131,0.16,0.02,0.05,0.108,B,2.5,1,30.41666667,0.25
132,0.16,0.02,0.05,0.108,B,2.5,1,30.41666667,0.25
133,0.16,0.02,0.05,0.108,B,2.5,1,30.41666667,0.25
134,0.16,0.02,0.05,0.108,B,2.5,1,30.41666667,0.25
135,0.16,0.02,0.05,0.108,B,2.5,1,30.41666667,0.25
136,0.16,0.02,0.05,0.108,B,2.5,1,30.41666667,0.25
137,0.16,0.02,0.05,0.108,B,2.5,1,30.41666667,0.25
138,0.16,0.02,0.05,0.108,B,2.5,1,30.41666667,0.25
139,0.16,0.02,0.05,0.108,B,2.5,1,30.41666667,0.25
140,0.16,0.02,0.05,0.108,B,2.5,1,30.41666667,0.25
141,0.16,0.02,0.05,0.108,B,2.5,1,30.41666667,0.25
142,0.16,0.02,0.05,0.108,B,2.5,1,30.41666667,0.25
143,0.16,0.02,0.05,0.108,B,2.5,1,30.41666667,0.25
144,0.16,0.02,0.05,0.108,B,2.5,1,30.41666667,0.25
145,0.16,0.02,0.05,0.108,B,2.5,1,30.41666667,0.25
146,0.16,0.02,0.05,0.108,B,2.5,1,30.41666667,0.25
147,0.16,0.02,0.05,0.108,B,2.5,1,30.41666667,0.25
148,0.16,0.02,0.05,0.108,B,2.5,1,30.41666667,0.25
149,0.16,0.02,0.05,0.108,B,2.5,1,30.41666667,0.25
150,0.16,0.02,0.05,0.108,B,2.5,1,30.41666667,0.25
151,0.16,0.02,0.05,0.108,B,2.5,1,30.41666667,0.25
152,0.16,0.02,0.05,0.108,B,2.5,1,30.41666667,0.25
153,0.16,0.02,0.05,0.108,B,2.5,1,30.41666667,0.25
154,0.16,0.02,0.05,0.108,B,2.5,1,30.41666667,0.25
155,0.16,0.02,0.05,0.108,B,2.5,1,30.41666667,0.25
156,0.16,0.02,0.05,0.108,B,2.5,1,30.41666667,0.25
157,0.16,0.02,0.05,0.108,B,2.5,1,30.41666667,0.25
158,0.16,0.02,0.05,0.108,B,2.5,1,30.41666667,0.25
159,0.16,0.02,0.05,0.108,B,2.5,1,30.41666667,0.25
160,0.16,0.02,0.05,0.108,B,2.5,1,30.41666667,0.25
161,0.16,0.02,0.05,0.108,B,2.5,1,30.41666667,0.25
162,0.16,0.02,0.05,0.108,B,2.5,1,30.41666667,0.25
163,0.16,0.02,0.05,0.108,B,2.5,1,30.41666667,0.25
164,0.16,0.02,0.05,0.108,B,2.5,1,30.41666667,0.25
165,0.16,0.02,0.05,0.108,B,2.5,1,30.41666667,0.25
166,0.16,0.02,0.05,0.108,B,2.5,1,30.41666667,0.25
167,0.16,0.02,0.05,0.108,B,2.5,1,30.41666667,0.25
168,0.16,0.02,0.05,0.108,B,2.5,1,30.41666667,0.25
169,0.16,0.02,0.05,0.108,B,2.5,1,30.41666667,0.25
170,0.16,0.02,0.05,0.108,B,2.5,1,30.41666667,0.25
171,0.16,0.02,0.05,0.108,B,2.5,1,30.41666667,0.25
172,0.16,0.02,0.05,0.108,B,2.5,1,30.41666667,0.25
173,0.16,0.02,0.05,0.108,B,2.5,1,30.41666667,0.25
174,0.16,0.02,0.05,0.108,B,2.5,1,30.41666667,0.25
175,0.16,0.02,0.05,0.108,B,2.5,1,30.41666667,0.25
176,0.16,0.02,0.05,0.108,B,2.5,1,30.41666667,0.25
177,0.16,0.02,0.05,0.108,B,2.5,1,30.41666667,0.25
178,0.16,0.02,0.05,0.108,B,2.5,1,30.41666667,0.25
179,0.16,0.02,0.05,0.108,B,2.5,1,30.41666667,0.25
180,0.16,0.02,0.05,0.108,B,2.5,1,30.41666667,0.25
181,0.16,0.02,0.05,0.108,B,2.5,1,30.41666667,0.25
182,0.16,0.02,0.05,0.108,B,2.5,1,30.41666667,0.25
183,0.16,0.02,0.05,0.108,B,2.5,1,30.41666667,0.25
184,0.16,0.02,0.05,0.108,B,2.5,1,30.41666667,0.25
185,0.16,0.02,0.05,0.108,B,2.5,1,30.41666667,0.25
186,0.16,0.02,0.05,0.108,B,2.5,1,30.41666667,0.25
187,0.16,0.02,0.05,0.108,B,2.5,1,30.41666667,0.25
188,0.16,0.02,0.05,0.108,B,2.5,1,30.41666667,0.25
189,0.16,0.02,0.05,0.108,B,2.5,1,30.41666667,0.25
190,0.16,0.02,0.05,0.108,B,2.5,1,30.41666667,0.25
191,0.16,0.02,0.05,0.108,B,2.5,1,30.41666667,0.25
192,0.16,0.02,0.05,0.108,B,2.5,1,30.41666667,0.25
193,0.16,0.02,0.05,0.108,C,2.5,1,30.41666667,0.25
194,0.16,0.02,0.05,0.108,C,2.5,1,30.41666667,0.25
195,0.16,0.02,0.05,0.108,C,2.5,1,30.41666667,0.25
196,0.16,0.02,0.05,0.108,C,2.5,1,30.41666667,0.25
197,0.16,0.02,0.05,0.108,C,2.5,1,30.41666667,0.25
198,0.16,0.02,0.05,0.108,C,2.5,1,30.41666667,0.25
199,0.16,0.02,0.05,0.108,C,2.5,1,30.41666667,0.25
200,0.16,0.02,0.05,0.108,C,2.5,1,30.41666667,0.25
201,0.16,0.02,0.05,0.108,C,2.5,1,30.41666667,0.25
202,0.16,0.02,0.05,0.108,C,2.5,1,30.41666667,0.25
203,0.16,0.02,0.05,0.108,C,2.5,1,30.41666667,0.25
204,0.16,0.02,0.05,0.108,C,2.5,1,30.41666667,0.25
205,0.16,0.02,0.05,0.108,C,2.5,1,30.41666667,0.25
206,0.16,0.02,0.05,0.108,C,2.5,1,30.41666667,0.25
207,0.16,0.02,0.05,0.108,C,2.5,1,30.41666667,0.25
208,0.16,0.02,0.05,0.108,C,2.5,1,30.41666667,0.25
209,0.16,0.02,0.05,0.108,C,2.5,1,30.41666667,0.25
210,0.16,0.02,0.05,0.108,C,2.5,1,30.41666667,0.25
211,0.16,0.02,0.05,0.108,C,2.5,1,30.41666667,0.25
212,0.16,0.02,0.05,0.108,C,2.5,1,30.41666667,0.25
213,0.16,0.02,0.05,0.108,C,2.5,1,30.41666667,0.25
214,0.16,0.02,0.05,0.108,C,2.5,1,30.41666667,0.25
215,0.16,0.02,0.05,0.108,C,2.5,1,30.41666667,0.25
216,0.16,0.02,0.05,0.108,C,2.5,1,30.41666667,0.25
217,0.16,0.02,0.05,0.108,C,2.5,1,30.41666667,0.25
218,0.16,0.02,0.05,0.108,C,2.5,1,30.41666667,0.25
219,0.16,0.02,0.05,0.108,C,2.5,1,30.41666667,0.25
220,0.16,0.02,0.05,0.108,C,2.5,1,30.41666667,0.25
221,0.16,0.02,0.05,0.108,C,2.5,1,30.41666667,0.25
222,0.16,0.02,0.05,0.108,C,2.5,1,30.41666667,0.25
223,0.16,0.02,0.05,0.108,C,2.5,1,30.41666667,0.25
224,0.16,0.02,0.05,0.108,C,2.5,1,30.41666667,0.25
225,0.16,0.02,0.05,0.108,C,2.5,1,30.41666667,0.25
226,0.16,0.02,0.05,0.108,C,2.5,1,30.41666667,0.25
227,0.16,0.02,0.05,0.108,C,2.5,1,30.41666667,0.25
228,0.16,0.02,0.05,0.108,C,2.5,1,30.41666667,0.25
229,0.16,0.02,0.05,0.108,C,2.5,1,30.41666667,0.25
230,0.16,0.02,0.05,0.108,C,2.5,1,30.41666667,0.25
231,0.16,0.02,0.05,0.108,C,2.5,1,30.41666667,0.25
232,0.16,0.02,0.05,0.108,C,2.5,1,30.41666667,0.25
233,0.16,0.02,0.05,0.108,C,2.5,1,30.41666667,0.25
234,0.16,0.02,0.05,0.108,C,2.5,1,30.41666667,0.25
235,0.16,0.02,0.05,0.108,C,2.5,1,30.41666667,0.25
236,0.16,0.02,0.05,0.108,C,2.5,1,30.41666667,0.25
237,0.16,0.02,0.05,0.108,C,2.5,1,30.41666667,0.25
238,0.16,0.02,0.05,0.108,C,2.5,1,30.41666667,0.25
239,0.16,0.02,0.05,0.108,C,2.5,1,30.41666667,0.25
240,0.16,0.02,0.05,0.108,C,2.5,1,30.41666667,0.25
241,0.16,0.02,0.05,0.108,C,2.5,1,30.41666667,0.25
242,0.16,0.02,0.05,0.108,C,2.5,1,30.41666667,0.25
243,0.16,0.02,0.05,0.108,C,2.5,1,30.41666667,0.25
244,0.16,0.02,0.05,0.108,C,2.5,1,30.41666667,0.25
245,0.16,0.02,0.05,0.108,C,2.5,1,30.41666667,0.25
246,0.16,0.02,0.05,0.108,C,2.5,1,30.41666667,0.25
247,0.16,0.02,0.05,0.108,C,2.5,1,30.41666667,0.25
248,0.16,0.02,0.05,0.108,C,2.5,1,30.41666667,0.25
249,0.16,0.02,0.05,0.108,C,2.5,1,30.41666667,0.25
250,0.16,0.02,0.05,0.108,C,2.5,1,30.41666667,0.25
251,0.16,0.02,0.05,0.108,C,2.5,1,30.41666667,0.25
252,0.16,0.02,0.05,0.108,C,2.5,1,30.41666667,0.25
253,0.16,0.02,0.05,0.108,C,2.5,1,30.41666667,0.25
254,0.16,0.02,0.05,0.108,C,2.5,1,30.41666667,0.25
255,0.16,0.02,0.05,0.108,C,2.5,1,30.41666667,0.25
256,0.16,0.02,0.05,0.108,C,2.5,1,30.41666667,0.25
257,0.16,0.02,0.05,0.108,C,2.5,1,30.41666667,0.25
258,0.16,0.02,0.05,0.108,C,2.5,1,30.41666667,0.25
259,0.16,0.02,0.05,0.108,C,2.5,1,30.41666667,0.25
260,0.16,0.02,0.05,0.108,C,2.5,1,30.41666667,0.25
261,0.16,0.02,0.05,0.108,C,2.5,1,30.41666667,0.25
262,0.16,0.02,0.05,0.108,C,2.5,1,30.41666667,0.25
263,0.16,0.02,0.05,0.108,C,2.5,1,30.41666667,0.25
264,0.16,0.02,0.05,0.108,C,2.5,1,30.41666667,0.25
265,0.16,0.02,0.05,0.108,C,2.5,1,30.41666667,0.25
266,0.16,0.02,0.05,0.108,C,2.5,1,30.41666667,0.25
267,0.16,0.02,0.05,0.108,C,2.5,1,30.41666667,0.25
268,0.16,0.02,0.05,0.108,C,2.5,1,30.41666667,0.25
269,0.16,0.02,0.05,0.108,C,2.5,1,30.41666667,0.25
270,0.16,0.02,0.05,0.108,C,2.5,1,30.41666667,0.25
271,0.16,0.02,0.05,0.108,C,2.5,1,30.41666667,0.25
272,0.16,0.02,0.05,0.108,C,2.5,1,30.41666667,0.25
273,0.16,0.02,0.05,0.108,C,2.5,1,30.41666667,0.25
274,0.16,0.02,0.05,0.108,C,2.5,1,30.41666667,0.25
275,0.16,0.02,0.05,0.108,C,2.5,1,30.41666667,0.25
276,0.16,0.02,0.05,0.108,C,2.5,1,30.41666667,0.25
277,0.16,0.02,0.05,0.108,C,2.5,1,30.41666667,0.25
278,0.16,0.02,0.05,0.108,C,2.5,1,30.41666667,0.25
279,0.16,0.02,0.05,0.108,C,2.5,1,30.41666667,0.25
280,0.16,0.02,0.05,0.108,C,2.5,1,30.41666667,0.25
281,0.16,0.02,0.05,0.108,C,2.5,1,30.41666667,0.25
282,0.16,0.02,0.05,0.108,C,2.5,1,30.41666667,0.25
283,0.16,0.02,0.05,0.108,C,2.5,1,30.41666667,0.25
284,0.16,0.02,0.05,0.108,C,2.5,1,30.41666667,0.25
285,0.16,0.02,0.05,0.108,C,2.5,1,30.41666667,0.25
286,0.16,0.02,0.05,0.108,C,2.5,1,30.41666667,0.25
287,0.16,0.02,0.05,0.108,C,2.5,1,30.41666667,0.25
288,0.16,0.02,0.05,0.108,C,2.5,1,30.41666667,0.25
289,0.16,0.02,0.05,0.108,D,2.5,1,30.41666667,0.25
290,0.16,0.02,0.05,0.108,D,2.5,1,30.41666667,0.25
291,0.16,0.02,0.05,0.108,D,2.5,1,30.41666667,0.25
292,0.16,0.02,0.05,0.108,D,2.5,1,30.41666667,0.25
293,0.16,0.02,0.05,0.108,D,2.5,1,30.41666667,0.25
294,0.16,0.02,0.05,0.108,D,2.5,1,30.41666667,0.25
295,0.16,0.02,0.05,0.108,D,2.5,1,30.41666667,0.25
296,0.16,0.02,0.05,0.108,D,2.5,1,30.41666667,0.25
297,0.16,0.02,0.05,0.108,D,2.5,1,30.41666667,0.25
298,0.16,0.02,0.05,0.108,D,2.5,1,30.41666667,0.25
299,0.16,0.02,0.05,0.108,D,2.5,1,30.41666667,0.25
300,0.16,0.02,0.05,0.108,D,2.5,1,30.41666667,0.25
301,0.16,0.02,0.05,0.108,D,2.5,1,30.41666667,0.25
302,0.16,0.02,0.05,0.108,D,2.5,1,30.41666667,0.25
303,0.16,0.02,0.05,0.108,D,2.5,1,30.41666667,0.25
304,0.16,0.02,0.05,0.108,D,2.5,1,30.41666667,0.25
305,0.16,0.02,0.05,0.108,D,2.5,1,30.41666667,0.25
306,0.16,0.02,0.05,0.108,D,2.5,1,30.41666667,0.25
307,0.16,0.02,0.05,0.108,D,2.5,1,30.41666667,0.25
308,0.16,0.02,0.05,0.108,D,2.5,1,30.41666667,0.25
309,0.16,0.02,0.05,0.108,D,2.5,1,30.41666667,0.25
310,0.16,0.02,0.05,0.108,D,2.5,1,30.41666667,0.25
311,0.16,0.02,0.05,0.108,D,2.5,1,30.41666667,0.25
312,0.16,0.02,0.05,0.108,D,2.5,1,30.41666667,0.25
313,0.16,0.02,0.05,0.108,D,2.5,1,30.41666667,0.25
314,0.16,0.02,0.05,0.108,D,2.5,1,30.41666667,0.25
315,0.16,0.02,0.05,0.108,D,2.5,1,30.41666667,0.25
316,0.16,0.02,0.05,0.108,D,2.5,1,30.41666667,0.25
317,0.16,0.02,0.05,0.108,D,2.5,1,30.41666667,0.25
318,0.16,0.02,0.05,0.108,D,2.5,1,30.41666667,0.25
319,0.16,0.02,0.05,0.108,D,2.5,1,30.41666667,0.25
320,0.16,0.02,0.05,0.108,D,2.5,1,30.41666667,0.25
321,0.16,0.02,0.05,0.108,D,2.5,1,30.41666667,0.25
322,0.16,0.02,0.05,0.108,D,2.5,1,30.41666667,0.25
323,0.16,0.02,0.05,0.108,D,2.5,1,30.41666667,0.25
324,0.16,0.02,0.05,0.108,D,2.5,1,30.41666667,0.25
325,0.16,0.02,0.05,0.108,D,2.5,1,30.41666667,0.25
326,0.16,0.02,0.05,0.108,D,2.5,1,30.41666667,0.25
327,0.16,0.02,0.05,0.108,D,2.5,1,30.41666667,0.25
328,0.16,0.02,0.05,0.108,D,2.5,1,30.41666667,0.25
329,0.16,0.02,0.05,0.108,D,2.5,1,30.41666667,0.25
330,0.16,0.02,0.05,0.108,D,2.5,1,30.41666667,0.25
331,0.16,0.02,0.05,0.108,D,2.5,1,30.41666667,0.25
332,0.16,0.02,0.05,0.108,D,2.5,1,30.41666667,0.25
333,0.16,0.02,0.05,0.108,D,2.5,1,30.41666667,0.25
334,0.16,0.02,0.05,0.108,D,2.5,1,30.41666667,0.25
335,0.16,0.02,0.05,0.108,D,2.5,1,30.41666667,0.25
336,0.16,0.02,0.05,0.108,D,2.5,1,30.41666667,0.25
337,0.16,0.02,0.05,0.108,D,2.5,1,30.41666667,0.25
338,0.16,0.02,0.05,0.108,D,2.5,1,30.41666667,0.25
339,0.16,0.02,0.05,0.108,D,2.5,1,30.41666667,0.25
340,0.16,0.02,0.05,0.108,D,2.5,1,30.41666667,0.25
341,0.16,0.02,0.05,0.108,D,2.5,1,30.41666667,0.25
342,0.16,0.02,0.05,0.108,D,2.5,1,30.41666667,0.25
343,0.16,0.02,0.05,0.108,D,2.5,1,30.41666667,0.25
344,0.16,0.02,0.05,0.108,D,2.5,1,30.41666667,0.25
345,0.16,0.02,0.05,0.108,D,2.5,1,30.41666667,0.25
346,0.16,0.02,0.05,0.108,D,2.5,1,30.41666667,0.25
347,0.16,0.02,0.05,0.108,D,2.5,1,30.41666667,0.25
348,0.16,0.02,0.05,0.108,D,2.5,1,30.41666667,0.25
349,0.16,0.02,0.05,0.108,D,2.5,1,30.41666667,0.25
350,0.16,0.02,0.05,0.108,D,2.5,1,30.41666667,0.25
351,0.16,0.02,0.05,0.108,D,2.5,1,30.41666667,0.25
352,0.16,0.02,0.05,0.108,D,2.5,1,30.41666667,0.25
353,0.16,0.02,0.05,0.108,D,2.5,1,30.41666667,0.25
354,0.16,0.02,0.05,0.108,D,2.5,1,30.41666667,0.25
355,0.16,0.02,0.05,0.108,D,2.5,1,30.41666667,0.25
356,0.16,0.02,0.05,0.108,D,2.5,1,30.41666667,0.25
357,0.16,0.02,0.05,0.108,D,2.5,1,30.41666667,0.25
358,0.16,0.02,0.05,0.108,D,2.5,1,30.41666667,0.25
359,0.16,0.02,0.05,0.108,D,2.5,1,30.41666667,0.25
360,0.16,0.02,0.05,0.108,D,2.5,1,30.41666667,0.25
361,0.16,0.02,0.05,0.108,D,2.5,1,30.41666667,0.25
362,0.16,0.02,0.05,0.108,D,2.5,1,30.41666667,0.25
363,0.16,0.02,0.05,0.108,D,2.5,1,30.41666667,0.25
364,0.16,0.02,0.05,0.108,D,2.5,1,30.41666667,0.25
365,0.16,0.02,0.05,0.108,D,2.5,1,30.41666667,0.25
366,0.16,0.02,0.05,0.108,D,2.5,1,30.41666667,0.25
367,0.16,0.02,0.05,0.108,D,2.5,1,30.41666667,0.25
368,0.16,0.02,0.05,0.108,D,2.5,1,30.41666667,0.25
369,0.16,0.02,0.05,0.108,D,2.5,1,30.41666667,0.25
370,0.16,0.02,0.05,0.108,D,2.5,1,30.41666667,0.25
371,0.16,0.02,0.05,0.108,D,2.5,1,30.41666667,0.25
372,0.16,0.02,0.05,0.108,D,2.5,1,30.41666667,0.25
373,0.16,0.02,0.05,0.108,D,2.5,1,30.41666667,0.25
374,0.16,0.02,0.05,0.108,D,2.5,1,30.41666667,0.25
375,0.16,0.02,0.05,0.108,D,2.5,1,30.41666667,0.25
376,0.16,0.02,0.05,0.108,D,2.5,1,30.41666667,0.25
377,0.16,0.02,0.05,0.108,D,2.5,1,30.41666667,0.25
378,0.16,0.02,0.05,0.108,D,2.5,1,30.41666667,0.25
379,0.16,0.02,0.05,0.108,D,2.5,1,30.41666667,0.25
380,0.16,0.02,0.05,0.108,D,2.5,1,30.41666667,0.25
381,0.16,0.02,0.05,0.108,D,2.5,1,30.41666667,0.25
382,0.16,0.02,0.05,0.108,D,2.5,1,30.41666667,0.25
383,0.16,0.02,0.05,0.108,D,2.5,1,30.41666667,0.25
384,0.16,0.02,0.05,0.108,D,2.5,1,30.41666667,0.25
385,0.16,0.02,0.05,0.108,E,2.5,1,30.41666667,0.25
386,0.16,0.02,0.05,0.108,E,2.5,1,30.41666667,0.25
387,0.16,0.02,0.05,0.108,E,2.5,1,30.41666667,0.25
388,0.16,0.02,0.05,0.108,E,2.5,1,30.41666667,0.25
389,0.16,0.02,0.05,0.108,E,2.5,1,30.41666667,0.25
390,0.16,0.02,0.05,0.108,E,2.5,1,30.41666667,0.25
391,0.16,0.02,0.05,0.108,E,2.5,1,30.41666667,0.25
392,0.16,0.02,0.05,0.108,E,2.5,1,30.41666667,0.25
393,0.16,0.02,0.05,0.108,E,2.5,1,30.41666667,0.25
394,0.16,0.02,0.05,0.108,E,2.5,1,30.41666667,0.25
395,0.16,0.02,0.05,0.108,E,2.5,1,30.41666667,0.25
396,0.16,0.02,0.05,0.108,E,2.5,1,30.41666667,0.25
397,0.16,0.02,0.05,0.108,E,2.5,1,30.41666667,0.25
398,0.16,0.02,0.05,0.108,E,2.5,1,30.41666667,0.25
399,0.16,0.02,0.05,0.108,E,2.5,1,30.41666667,0.25
400,0.16,0.02,0.05,0.108,E,2.5,1,30.41666667,0.25
401,0.16,0.02,0.05,0.108,E,2.5,1,30.41666667,0.25
402,0.16,0.02,0.05,0.108,E,2.5,1,30.41666667,0.25
403,0.16,0.02,0.05,0.108,E,2.5,1,30.41666667,0.25
404,0.16,0.02,0.05,0.108,E,2.5,1,30.41666667,0.25
405,0.16,0.02,0.05,0.108,E,2.5,1,30.41666667,0.25
406,0.16,0.02,0.05,0.108,E,2.5,1,30.41666667,0.25
407,0.16,0.02,0.05,0.108,E,2.5,1,30.41666667,0.25
408,0.16,0.02,0.05,0.108,E,2.5,1,30.41666667,0.25
409,0.16,0.02,0.05,0.108,E,2.5,1,30.41666667,0.25
410,0.16,0.02,0.05,0.108,E,2.5,1,30.41666667,0.25
411,0.16,0.02,0.05,0.108,E,2.5,1,30.41666667,0.25
412,0.16,0.02,0.05,0.108,E,2.5,1,30.41666667,0.25
413,0.16,0.02,0.05,0.108,E,2.5,1,30.41666667,0.25
414,0.16,0.02,0.05,0.108,E,2.5,1,30.41666667,0.25
415,0.16,0.02,0.05,0.108,E,2.5,1,30.41666667,0.25
416,0.16,0.02,0.05,0.108,E,2.5,1,30.41666667,0.25
417,0.16,0.02,0.05,0.108,E,2.5,1,30.41666667,0.25
418,0.16,0.02,0.05,0.108,E,2.5,1,30.41666667,0.25
419,0.16,0.02,0.05,0.108,E,2.5,1,30.41666667,0.25
420,0.16,0.02,0.05,0.108,E,2.5,1,30.41666667,0.25
421,0.16,0.02,0.05,0.108,E,2.5,1,30.41666667,0.25
422,0.16,0.02,0.05,0.108,E,2.5,1,30.41666667,0.25
423,0.16,0.02,0.05,0.108,E,2.5,1,30.41666667,0.25
424,0.16,0.02,0.05,0.108,E,2.5,1,30.41666667,0.25
425,0.16,0.02,0.05,0.108,E,2.5,1,30.41666667,0.25
426,0.16,0.02,0.05,0.108,E,2.5,1,30.41666667,0.25
427,0.16,0.02,0.05,0.108,E,2.5,1,30.41666667,0.25
428,0.16,0.02,0.05,0.108,E,2.5,1,30.41666667,0.25
429,0.16,0.02,0.05,0.108,E,2.5,1,30.41666667,0.25
430,0.16,0.02,0.05,0.108,E,2.5,1,30.41666667,0.25
431,0.16,0.02,0.05,0.108,E,2.5,1,30.41666667,0.25
432,0.16,0.02,0.05,0.108,E,2.5,1,30.41666667,0.25
433,0.16,0.02,0.05,0.108,E,2.5,1,30.41666667,0.25
434,0.16,0.02,0.05,0.108,E,2.5,1,30.41666667,0.25
435,0.16,0.02,0.05,0.108,E,2.5,1,30.41666667,0.25
436,0.16,0.02,0.05,0.108,E,2.5,1,30.41666667,0.25
437,0.16,0.02,0.05,0.108,E,2.5,1,30.41666667,0.25
438,0.16,0.02,0.05,0.108,E,2.5,1,30.41666667,0.25
439,0.16,0.02,0.05,0.108,E,2.5,1,30.41666667,0.25
440,0.16,0.02,0.05,0.108,E,2.5,1,30.41666667,0.25
441,0.16,0.02,0.05,0.108,E,2.5,1,30.41666667,0.25
442,0.16,0.02,0.05,0.108,E,2.5,1,30.41666667,0.25
443,0.16,0.02,0.05,0.108,E,2.5,1,30.41666667,0.25
444,0.16,0.02,0.05,0.108,E,2.5,1,30.41666667,0.25
445,0.16,0.02,0.05,0.108,E,2.5,1,30.41666667,0.25
446,0.16,0.02,0.05,0.108,E,2.5,1,30.41666667,0.25
447,0.16,0.02,0.05,0.108,E,2.5,1,30.41666667,0.25
448,0.16,0.02,0.05,0.108,E,2.5,1,30.41666667,0.25
449,0.16,0.02,0.05,0.108,E,2.5,1,30.41666667,0.25
450,0.16,0.02,0.05,0.108,E,2.5,1,30.41666667,0.25
451,0.16,0.02,0.05,0.108,E,2.5,1,30.41666667,0.25
452,0.16,0.02,0.05,0.108,E,2.5,1,30.41666667,0.25
453,0.16,0.02,0.05,0.108,E,2.5,1,30.41666667,0.25
454,0.16,0.02,0.05,0.108,E,2.5,1,30.41666667,0.25
455,0.16,0.02,0.05,0.108,E,2.5,1,30.41666667,0.25
456,0.16,0.02,0.05,0.108,E,2.5,1,30.41666667,0.25
457,0.16,0.02,0.05,0.108,E,2.5,1,30.41666667,0.25
458,0.16,0.02,0.05,0.108,E,2.5,1,30.41666667,0.25
459,0.16,0.02,0.05,0.108,E,2.5,1,30.41666667,0.25
460,0.16,0.02,0.05,0.108,E,2.5,1,30.41666667,0.25
461,0.16,0.02,0.05,0.108,E,2.5,1,30.41666667,0.25
462,0.16,0.02,0.05,0.108,E,2.5,1,30.41666667,0.25
463,0.16,0.02,0.05,0.108,E,2.5,1,30.41666667,0.25
464,0.16,0.02,0.05,0.108,E,2.5,1,30.41666667,0.25
465,0.16,0.02,0.05,0.108,E,2.5,1,30.41666667,0.25
466,0.16,0.02,0.05,0.108,E,2.5,1,30.41666667,0.25
467,0.16,0.02,0.05,0.108,E,2.5,1,30.41666667,0.25
468,0.16,0.02,0.05,0.108,E,2.5,1,30.41666667,0.25
469,0.16,0.02,0.05,0.108,E,2.5,1,30.41666667,0.25
470,0.16,0.02,0.05,0.108,E,2.5,1,30.41666667,0.25
471,0.16,0.02,0.05,0.108,E,2.5,1,30.41666667,0.25
472,0.16,0.02,0.05,0.108,E,2.5,1,30.41666667,0.25
473,0.16,0.02,0.05,0.108,E,2.5,1,30.41666667,0.25
474,0.16,0.02,0.05,0.108,E,2.5,1,30.41666667,0.25
475,0.16,0.02,0.05,0.108,E,2.5,1,30.41666667,0.25
476,0.16,0.02,0.05,0.108,E,2.5,1,30.41666667,0.25
477,0.16,0.02,0.05,0.108,E,2.5,1,30.41666667,0.25
478,0.16,0.02,0.05,0.108,E,2.5,1,30.41666667,0.25
479,0.16,0.02,0.05,0.108,E,2.5,1,30.41666667,0.25
480,0.16,0.02,0.05,0.108,E,2.5,1,30.41666667,0.25
481,0.16,0.02,0.05,0.108,F,2.5,1,30.41666667,0.25
482,0.16,0.02,0.05,0.108,F,2.5,1,30.41666667,0.25
483,0.16,0.02,0.05,0.108,F,2.5,1,30.41666667,0.25
484,0.16,0.02,0.05,0.108,F,2.5,1,30.41666667,0.25
485,0.16,0.02,0.05,0.108,F,2.5,1,30.41666667,0.25
486,0.16,0.02,0.05,0.108,F,2.5,1,30.41666667,0.25
487,0.16,0.02,0.05,0.108,F,2.5,1,30.41666667,0.25
488,0.16,0.02,0.05,0.108,F,2.5,1,30.41666667,0.25
489,0.16,0.02,0.05,0.108,F,2.5,1,30.41666667,0.25
490,0.16,0.02,0.05,0.108,F,2.5,1,30.41666667,0.25
491,0.16,0.02,0.05,0.108,F,2.5,1,30.41666667,0.25
492,0.16,0.02,0.05,0.108,F,2.5,1,30.41666667,0.25
493,0.16,0.02,0.05,0.108,F,2.5,1,30.41666667,0.25
494,0.16,0.02,0.05,0.108,F,2.5,1,30.41666667,0.25
495,0.16,0.02,0.05,0.108,F,2.5,1,30.41666667,0.25
496,0.16,0.02,0.05,0.108,F,2.5,1,30.41666667,0.25
497,0.16,0.02,0.05,0.108,F,2.5,1,30.41666667,0.25
498,0.16,0.02,0.05,0.108,F,2.5,1,30.41666667,0.25
499,0.16,0.02,0.05,0.108,F,2.5,1,30.41666667,0.25
500,0.16,0.02,0.05,0.108,F,2.5,1,30.41666667,0.25
501,0.16,0.02,0.05,0.108,F,2.5,1,30.41666667,0.25
502,0.16,0.02,0.05,0.108,F,2.5,1,30.41666667,0.25
503,0.16,0.02,0.05,0.108,F,2.5,1,30.41666667,0.25
504,0.16,0.02,0.05,0.108,F,2.5,1,30.41666667,0.25
505,0.16,0.02,0.05,0.108,F,2.5,1,30.41666667,0.25
506,0.16,0.02,0.05,0.108,F,2.5,1,30.41666667,0.25
507,0.16,0.02,0.05,0.108,F,2.5,1,30.41666667,0.25
508,0.16,0.02,0.05,0.108,F,2.5,1,30.41666667,0.25
509,0.16,0.02,0.05,0.108,F,2.5,1,30.41666667,0.25
510,0.16,0.02,0.05,0.108,F,2.5,1,30.41666667,0.25
511,0.16,0.02,0.05,0.108,F,2.5,1,30.41666667,0.25
512,0.16,0.02,0.05,0.108,F,2.5,1,30.41666667,0.25
513,0.16,0.02,0.05,0.108,F,2.5,1,30.41666667,0.25
514,0.16,0.02,0.05,0.108,F,2.5,1,30.41666667,0.25
515,0.16,0.02,0.05,0.108,F,2.5,1,30.41666667,0.25
516,0.16,0.02,0.05,0.108,F,2.5,1,30.41666667,0.25
517,0.16,0.02,0.05,0.108,F,2.5,1,30.41666667,0.25
518,0.16,0.02,0.05,0.108,F,2.5,1,30.41666667,0.25
519,0.16,0.02,0.05,0.108,F,2.5,1,30.41666667,0.25
520,0.16,0.02,0.05,0.108,F,2.5,1,30.41666667,0.25
521,0.16,0.02,0.05,0.108,F,2.5,1,30.41666667,0.25
522,0.16,0.02,0.05,0.108,F,2.5,1,30.41666667,0.25
523,0.16,0.02,0.05,0.108,F,2.5,1,30.41666667,0.25
524,0.16,0.02,0.05,0.108,F,2.5,1,30.41666667,0.25
525,0.16,0.02,0.05,0.108,F,2.5,1,30.41666667,0.25
526,0.16,0.02,0.05,0.108,F,2.5,1,30.41666667,0.25
527,0.16,0.02,0.05,0.108,F,2.5,1,30.41666667,0.25
528,0.16,0.02,0.05,0.108,F,2.5,1,30.41666667,0.25
529,0.16,0.02,0.05,0.108,F,2.5,1,30.41666667,0.25
530,0.16,0.02,0.05,0.108,F,2.5,1,30.41666667,0.25
531,0.16,0.02,0.05,0.108,F,2.5,1,30.41666667,0.25
532,0.16,0.02,0.05,0.108,F,2.5,1,30.41666667,0.25
533,0.16,0.02,0.05,0.108,F,2.5,1,30.41666667,0.25
534,0.16,0.02,0.05,0.108,F,2.5,1,30.41666667,0.25
535,0.16,0.02,0.05,0.108,F,2.5,1,30.41666667,0.25
536,0.16,0.02,0.05,0.108,F,2.5,1,30.41666667,0.25
537,0.16,0.02,0.05,0.108,F,2.5,1,30.41666667,0.25
538,0.16,0.02,0.05,0.108,F,2.5,1,30.41666667,0.25
539,0.16,0.02,0.05,0.108,F,2.5,1,30.41666667,0.25
540,0.16,0.02,0.05,0.108,F,2.5,1,30.41666667,0.25
541,0.16,0.02,0.05,0.108,F,2.5,1,30.41666667,0.25
542,0.16,0.02,0.05,0.108,F,2.5,1,30.41666667,0.25
543,0.16,0.02,0.05,0.108,F,2.5,1,30.41666667,0.25
544,0.16,0.02,0.05,0.108,F,2.5,1,30.41666667,0.25
545,0.16,0.02,0.05,0.108,F,2.5,1,30.41666667,0.25
546,0.16,0.02,0.05,0.108,F,2.5,1,30.41666667,0.25
547,0.16,0.02,0.05,0.108,F,2.5,1,30.41666667,0.25
548,0.16,0.02,0.05,0.108,F,2.5,1,30.41666667,0.25
549,0.16,0.02,0.05,0.108,F,2.5,1,30.41666667,0.25
550,0.16,0.02,0.05,0.108,F,2.5,1,30.41666667,0.25
551,0.16,0.02,0.05,0.108,F,2.5,1,30.41666667,0.25
552,0.16,0.02,0.05,0.108,F,2.5,1,30.41666667,0.25
553,0.16,0.02,0.05,0.108,F,2.5,1,30.41666667,0.25
554,0.16,0.02,0.05,0.108,F,2.5,1,30.41666667,0.25
555,0.16,0.02,0.05,0.108,F,2.5,1,30.41666667,0.25
556,0.16,0.02,0.05,0.108,F,2.5,1,30.41666667,0.25
557,0.16,0.02,0.05,0.108,F,2.5,1,30.41666667,0.25
558,0.16,0.02,0.05,0.108,F,2.5,1,30.41666667,0.25
559,0.16,0.02,0.05,0.108,F,2.5,1,30.41666667,0.25
560,0.16,0.02,0.05,0.108,F,2.5,1,30.41666667,0.25
561,0.16,0.02,0.05,0.108,F,2.5,1,30.41666667,0.25
562,0.16,0.02,0.05,0.108,F,2.5,1,30.41666667,0.25
563,0.16,0.02,0.05,0.108,F,2.5,1,30.41666667,0.25
564,0.16,0.02,0.05,0.108,F,2.5,1,30.41666667,0.25
565,0.16,0.02,0.05,0.108,F,2.5,1,30.41666667,0.25
566,0.16,0.02,0.05,0.108,F,2.5,1,30.41666667,0.25
567,0.16,0.02,0.05,0.108,F,2.5,1,30.41666667,0.25
568,0.16,0.02,0.05,0.108,F,2.5,1,30.41666667,0.25
569,0.16,0.02,0.05,0.108,F,2.5,1,30.41666667,0.25
570,0.16,0.02,0.05,0.108,F,2.5,1,30.41666667,0.25
571,0.16,0.02,0.05,0.108,F,2.5,1,30.41666667,0.25
572,0.16,0.02,0.05,0.108,F,2.5,1,30.41666667,0.25
573,0.16,0.02,0.05,0.108,F,2.5,1,30.41666667,0.25
574,0.16,0.02,0.05,0.108,F,2.5,1,30.41666667,0.25
575,0.16,0.02,0.05,0.108,F,2.5,1,30.41666667,0.25
576,0.16,0.02,0.05,0.108,F,2.5,1,30.41666667,0.25
577,0.16,0.02,0.05,0.108,G,2.5,1,30.41666667,0.25
578,0.16,0.02,0.05,0.108,G,2.5,1,30.41666667,0.25
579,0.16,0.02,0.05,0.108,G,2.5,1,30.41666667,0.25
580,0.16,0.02,0.05,0.108,G,2.5,1,30.41666667,0.25
581,0.16,0.02,0.05,0.108,G,2.5,1,30.41666667,0.25
582,0.16,0.02,0.05,0.108,G,2.5,1,30.41666667,0.25
583,0.16,0.02,0.05,0.108,G,2.5,1,30.41666667,0.25
584,0.16,0.02,0.05,0.108,G,2.5,1,30.41666667,0.25
585,0.16,0.02,0.05,0.108,G,2.5,1,30.41666667,0.25
586,0.16,0.02,0.05,0.108,G,2.5,1,30.41666667,0.25
587,0.16,0.02,0.05,0.108,G,2.5,1,30.41666667,0.25
588,0.16,0.02,0.05,0.108,G,2.5,1,30.41666667,0.25
589,0.16,0.02,0.05,0.108,G,2.5,1,30.41666667,0.25
590,0.16,0.02,0.05,0.108,G,2.5,1,30.41666667,0.25
591,0.16,0.02,0.05,0.108,G,2.5,1,30.41666667,0.25
592,0.16,0.02,0.05,0.108,G,2.5,1,30.41666667,0.25
593,0.16,0.02,0.05,0.108,G,2.5,1,30.41666667,0.25
594,0.16,0.02,0.05,0.108,G,2.5,1,30.41666667,0.25
595,0.16,0.02,0.05,0.108,G,2.5,1,30.41666667,0.25
596,0.16,0.02,0.05,0.108,G,2.5,1,30.41666667,0.25
597,0.16,0.02,0.05,0.108,G,2.5,1,30.41666667,0.25
598,0.16,0.02,0.05,0.108,G,2.5,1,30.41666667,0.25
599,0.16,0.02,0.05,0.108,G,2.5,1,30.41666667,0.25
600,0.16,0.02,0.05,0.108,G,2.5,1,30.41666667,0.25
601,0.16,0.02,0.05,0.108,G,2.5,1,30.41666667,0.25
602,0.16,0.02,0.05,0.108,G,2.5,1,30.41666667,0.25
603,0.16,0.02,0.05,0.108,G,2.5,1,30.41666667,0.25
604,0.16,0.02,0.05,0.108,G,2.5,1,30.41666667,0.25
605,0.16,0.02,0.05,0.108,G,2.5,1,30.41666667,0.25
606,0.16,0.02,0.05,0.108,G,2.5,1,30.41666667,0.25
607,0.16,0.02,0.05,0.108,G,2.5,1,30.41666667,0.25
608,0.16,0.02,0.05,0.108,G,2.5,1,30.41666667,0.25
609,0.16,0.02,0.05,0.108,G,2.5,1,30.41666667,0.25
610,0.16,0.02,0.05,0.108,G,2.5,1,30.41666667,0.25
611,0.16,0.02,0.05,0.108,G,2.5,1,30.41666667,0.25
612,0.16,0.02,0.05,0.108,G,2.5,1,30.41666667,0.25
613,0.16,0.02,0.05,0.108,G,2.5,1,30.41666667,0.25
614,0.16,0.02,0.05,0.108,G,2.5,1,30.41666667,0.25
615,0.16,0.02,0.05,0.108,G,2.5,1,30.41666667,0.25
616,0.16,0.02,0.05,0.108,G,2.5,1,30.41666667,0.25
617,0.16,0.02,0.05,0.108,G,2.5,1,30.41666667,0.25
618,0.16,0.02,0.05,0.108,G,2.5,1,30.41666667,0.25
619,0.16,0.02,0.05,0.108,G,2.5,1,30.41666667,0.25
620,0.16,0.02,0.05,0.108,G,2.5,1,30.41666667,0.25
621,0.16,0.02,0.05,0.108,G,2.5,1,30.41666667,0.25
622,0.16,0.02,0.05,0.108,G,2.5,1,30.41666667,0.25
623,0.16,0.02,0.05,0.108,G,2.5,1,30.41666667,0.25
624,0.16,0.02,0.05,0.108,G,2.5,1,30.41666667,0.25
625,0.16,0.02,0.05,0.108,G,2.5,1,30.41666667,0.25
626,0.16,0.02,0.05,0.108,G,2.5,1,30.41666667,0.25
627,0.16,0.02,0.05,0.108,G,2.5,1,30.41666667,0.25
628,0.16,0.02,0.05,0.108,G,2.5,1,30.41666667,0.25
629,0.16,0.02,0.05,0.108,G,2.5,1,30.41666667,0.25
630,0.16,0.02,0.05,0.108,G,2.5,1,30.41666667,0.25
631,0.16,0.02,0.05,0.108,G,2.5,1,30.41666667,0.25
632,0.16,0.02,0.05,0.108,G,2.5,1,30.41666667,0.25
633,0.16,0.02,0.05,0.108,G,2.5,1,30.41666667,0.25
634,0.16,0.02,0.05,0.108,G,2.5,1,30.41666667,0.25
635,0.16,0.02,0.05,0.108,G,2.5,1,30.41666667,0.25
636,0.16,0.02,0.05,0.108,G,2.5,1,30.41666667,0.25
637,0.16,0.02,0.05,0.108,G,2.5,1,30.41666667,0.25
638,0.16,0.02,0.05,0.108,G,2.5,1,30.41666667,0.25
639,0.16,0.02,0.05,0.108,G,2.5,1,30.41666667,0.25
640,0.16,0.02,0.05,0.108,G,2.5,1,30.41666667,0.25
641,0.16,0.02,0.05,0.108,G,2.5,1,30.41666667,0.25
642,0.16,0.02,0.05,0.108,G,2.5,1,30.41666667,0.25
643,0.16,0.02,0.05,0.108,G,2.5,1,30.41666667,0.25
644,0.16,0.02,0.05,0.108,G,2.5,1,30.41666667,0.25
645,0.16,0.02,0.05,0.108,G,2.5,1,30.41666667,0.25
646,0.16,0.02,0.05,0.108,G,2.5,1,30.41666667,0.25
647,0.16,0.02,0.05,0.108,G,2.5,1,30.41666667,0.25
648,0.16,0.02,0.05,0.108,G,2.5,1,30.41666667,0.25
649,0.16,0.02,0.05,0.108,G,2.5,1,30.41666667,0.25
650,0.16,0.02,0.05,0.108,G,2.5,1,30.41666667,0.25
651,0.16,0.02,0.05,0.108,G,2.5,1,30.41666667,0.25
652,0.16,0.02,0.05,0.108,G,2.5,1,30.41666667,0.25
653,0.16,0.02,0.05,0.108,G,2.5,1,30.41666667,0.25
654,0.16,0.02,0.05,0.108,G,2.5,1,30.41666667,0.25
655,0.16,0.02,0.05,0.108,G,2.5,1,30.41666667,0.25
656,0.16,0.02,0.05,0.108,G,2.5,1,30.41666667,0.25
657,0.16,0.02,0.05,0.108,G,2.5,1,30.41666667,0.25
658,0.16,0.02,0.05,0.108,G,2.5,1,30.41666667,0.25
659,0.16,0.02,0.05,0.108,G,2.5,1,30.41666667,0.25
660,0.16,0.02,0.05,0.108,G,2.5,1,30.41666667,0.25
661,0.16,0.02,0.05,0.108,G,2.5,1,30.41666667,0.25
662,0.16,0.02,0.05,0.108,G,2.5,1,30.41666667,0.25
663,0.16,0.02,0.05,0.108,G,2.5,1,30.41666667,0.25
664,0.16,0.02,0.05,0.108,G,2.5,1,30.41666667,0.25
665,0.16,0.02,0.05,0.108,G,2.5,1,30.41666667,0.25
666,0.16,0.02,0.05,0.108,G,2.5,1,30.41666667,0.25
667,0.16,0.02,0.05,0.108,G,2.5,1,30.41666667,0.25
668,0.16,0.02,0.05,0.108,G,2.5,1,30.41666667,0.25
669,0.16,0.02,0.05,0.108,G,2.5,1,30.41666667,0.25
670,0.16,0.02,0.05,0.108,G,2.5,1,30.41666667,0.25
671,0.16,0.02,0.05,0.108,G,2.5,1,30.41666667,0.25
672,0.16,0.02,0.05,0.108,G,2.5,1,30.41666667,0.25
673,0.16,0.02,0.05,0.108,H,2.5,1,30.41666667,0.25
674,0.16,0.02,0.05,0.108,H,2.5,1,30.41666667,0.25
675,0.16,0.02,0.05,0.108,H,2.5,1,30.41666667,0.25
676,0.16,0.02,0.05,0.108,H,2.5,1,30.41666667,0.25
677,0.16,0.02,0.05,0.108,H,2.5,1,30.41666667,0.25
678,0.16,0.02,0.05,0.108,H,2.5,1,30.41666667,0.25
679,0.16,0.02,0.05,0.108,H,2.5,1,30.41666667,0.25
680,0.16,0.02,0.05,0.108,H,2.5,1,30.41666667,0.25
681,0.16,0.02,0.05,0.108,H,2.5,1,30.41666667,0.25
682,0.16,0.02,0.05,0.108,H,2.5,1,30.41666667,0.25
683,0.16,0.02,0.05,0.108,H,2.5,1,30.41666667,0.25
684,0.16,0.02,0.05,0.108,H,2.5,1,30.41666667,0.25
685,0.16,0.02,0.05,0.108,H,2.5,1,30.41666667,0.25
686,0.16,0.02,0.05,0.108,H,2.5,1,30.41666667,0.25
687,0.16,0.02,0.05,0.108,H,2.5,1,30.41666667,0.25
688,0.16,0.02,0.05,0.108,H,2.5,1,30.41666667,0.25
689,0.16,0.02,0.05,0.108,H,2.5,1,30.41666667,0.25
690,0.16,0.02,0.05,0.108,H,2.5,1,30.41666667,0.25
691,0.16,0.02,0.05,0.108,H,2.5,1,30.41666667,0.25
692,0.16,0.02,0.05,0.108,H,2.5,1,30.41666667,0.25
693,0.16,0.02,0.05,0.108,H,2.5,1,30.41666667,0.25
694,0.16,0.02,0.05,0.108,H,2.5,1,30.41666667,0.25
695,0.16,0.02,0.05,0.108,H,2.5,1,30.41666667,0.25
696,0.16,0.02,0.05,0.108,H,2.5,1,30.41666667,0.25
697,0.16,0.02,0.05,0.108,H,2.5,1,30.41666667,0.25
698,0.16,0.02,0.05,0.108,H,2.5,1,30.41666667,0.25
699,0.16,0.02,0.05,0.108,H,2.5,1,30.41666667,0.25
700,0.16,0.02,0.05,0.108,H,2.5,1,30.41666667,0.25
701,0.16,0.02,0.05,0.108,H,2.5,1,30.41666667,0.25
702,0.16,0.02,0.05,0.108,H,2.5,1,30.41666667,0.25
703,0.16,0.02,0.05,0.108,H,2.5,1,30.41666667,0.25
704,0.16,0.02,0.05,0.108,H,2.5,1,30.41666667,0.25
705,0.16,0.02,0.05,0.108,H,2.5,1,30.41666667,0.25
706,0.16,0.02,0.05,0.108,H,2.5,1,30.41666667,0.25
707,0.16,0.02,0.05,0.108,H,2.5,1,30.41666667,0.25
708,0.16,0.02,0.05,0.108,H,2.5,1,30.41666667,0.25
709,0.16,0.02,0.05,0.108,H,2.5,1,30.41666667,0.25
710,0.16,0.02,0.05,0.108,H,2.5,1,30.41666667,0.25
711,0.16,0.02,0.05,0.108,H,2.5,1,30.41666667,0.25
712,0.16,0.02,0.05,0.108,H,2.5,1,30.41666667,0.25
713,0.16,0.02,0.05,0.108,H,2.5,1,30.41666667,0.25
714,0.16,0.02,0.05,0.108,H,2.5,1,30.41666667,0.25
715,0.16,0.02,0.05,0.108,H,2.5,1,30.41666667,0.25
716,0.16,0.02,0.05,0.108,H,2.5,1,30.41666667,0.25
717,0.16,0.02,0.05,0.108,H,2.5,1,30.41666667,0.25
718,0.16,0.02,0.05,0.108,H,2.5,1,30.41666667,0.25
719,0.16,0.02,0.05,0.108,H,2.5,1,30.41666667,0.25
720,0.16,0.02,0.05,0.108,H,2.5,1,30.41666667,0.25
721,0.16,0.02,0.05,0.108,H,2.5,1,30.41666667,0.25
722,0.16,0.02,0.05,0.108,H,2.5,1,30.41666667,0.25
723,0.16,0.02,0.05,0.108,H,2.5,1,30.41666667,0.25
724,0.16,0.02,0.05,0.108,H,2.5,1,30.41666667,0.25
725,0.16,0.02,0.05,0.108,H,2.5,1,30.41666667,0.25
726,0.16,0.02,0.05,0.108,H,2.5,1,30.41666667,0.25
727,0.16,0.02,0.05,0.108,H,2.5,1,30.41666667,0.25
728,0.16,0.02,0.05,0.108,H,2.5,1,30.41666667,0.25
729,0.16,0.02,0.05,0.108,H,2.5,1,30.41666667,0.25
730,0.16,0.02,0.05,0.108,H,2.5,1,30.41666667,0.25
731,0.16,0.02,0.05,0.108,H,2.5,1,30.41666667,0.25
732,0.16,0.02,0.05,0.108,H,2.5,1,30.41666667,0.25
733,0.16,0.02,0.05,0.108,H,2.5,1,30.41666667,0.25
734,0.16,0.02,0.05,0.108,H,2.5,1,30.41666667,0.25
735,0.16,0.02,0.05,0.108,H,2.5,1,30.41666667,0.25
736,0.16,0.02,0.05,0.108,H,2.5,1,30.41666667,0.25
737,0.16,0.02,0.05,0.108,H,2.5,1,30.41666667,0.25
738,0.16,0.02,0.05,0.108,H,2.5,1,30.41666667,0.25
739,0.16,0.02,0.05,0.108,H,2.5,1,30.41666667,0.25
740,0.16,0.02,0.05,0.108,H,2.5,1,30.41666667,0.25
741,0.16,0.02,0.05,0.108,H,2.5,1,30.41666667,0.25
742,0.16,0.02,0.05,0.108,H,2.5,1,30.41666667,0.25
743,0.16,0.02,0.05,0.108,H,2.5,1,30.41666667,0.25
744,0.16,0.02,0.05,0.108,H,2.5,1,30.41666667,0.25
745,0.16,0.02,0.05,0.108,H,2.5,1,30.41666667,0.25
746,0.16,0.02,0.05,0.108,H,2.5,1,30.41666667,0.25
747,0.16,0.02,0.05,0.108,H,2.5,1,30.41666667,0.25
748,0.16,0.02,0.05,0.108,H,2.5,1,30.41666667,0.25
749,0.16,0.02,0.05,0.108,H,2.5,1,30.41666667,0.25
750,0.16,0.02,0.05,0.108,H,2.5,1,30.41666667,0.25
751,0.16,0.02,0.05,0.108,H,2.5,1,30.41666667,0.25
752,0.16,0.02,0.05,0.108,H,2.5,1,30.41666667,0.25
753,0.16,0.02,0.05,0.108,H,2.5,1,30.41666667,0.25
754,0.16,0.02,0.05,0.108,H,2.5,1,30.41666667,0.25
755,0.16,0.02,0.05,0.108,H,2.5,1,30.41666667,0.25
756,0.16,0.02,0.05,0.108,H,2.5,1,30.41666667,0.25
757,0.16,0.02,0.05,0.108,H,2.5,1,30.41666667,0.25
758,0.16,0.02,0.05,0.108,H,2.5,1,30.41666667,0.25
759,0.16,0.02,0.05,0.108,H,2.5,1,30.41666667,0.25
760,0.16,0.02,0.05,0.108,H,2.5,1,30.41666667,0.25
761,0.16,0.02,0.05,0.108,H,2.5,1,30.41666667,0.25
762,0.16,0.02,0.05,0.108,H,2.5,1,30.41666667,0.25
763,0.16,0.02,0.05,0.108,H,2.5,1,30.41666667,0.25
764,0.16,0.02,0.05,0.108,H,2.5,1,30.41666667,0.25
765,0.16,0.02,0.05,0.108,H,2.5,1,30.41666667,0.25
766,0.16,0.02,0.05,0.108,H,2.5,1,30.41666667,0.25
767,0.16,0.02,0.05,0.108,H,2.5,1,30.41666667,0.25
768,0.16,0.02,0.05,0.108,H,2.5,1,30.41666667,0.25
769,0.16,0.02,0.05,0.108,I,2.5,1,30.41666667,0.25
770,0.16,0.02,0.05,0.108,I,2.5,1,30.41666667,0.25
771,0.16,0.02,0.05,0.108,I,2.5,1,30.41666667,0.25
772,0.16,0.02,0.05,0.108,I,2.5,1,30.41666667,0.25
773,0.16,0.02,0.05,0.108,I,2.5,1,30.41666667,0.25
774,0.16,0.02,0.05,0.108,I,2.5,1,30.41666667,0.25
775,0.16,0.02,0.05,0.108,I,2.5,1,30.41666667,0.25
776,0.16,0.02,0.05,0.108,I,2.5,1,30.41666667,0.25
777,0.16,0.02,0.05,0.108,I,2.5,1,30.41666667,0.25
778,0.16,0.02,0.05,0.108,I,2.5,1,30.41666667,0.25
779,0.16,0.02,0.05,0.108,I,2.5,1,30.41666667,0.25
780,0.16,0.02,0.05,0.108,I,2.5,1,30.41666667,0.25
781,0.16,0.02,0.05,0.108,I,2.5,1,30.41666667,0.25
782,0.16,0.02,0.05,0.108,I,2.5,1,30.41666667,0.25
783,0.16,0.02,0.05,0.108,I,2.5,1,30.41666667,0.25
784,0.16,0.02,0.05,0.108,I,2.5,1,30.41666667,0.25
785,0.16,0.02,0.05,0.108,I,2.5,1,30.41666667,0.25
786,0.16,0.02,0.05,0.108,I,2.5,1,30.41666667,0.25
787,0.16,0.02,0.05,0.108,I,2.5,1,30.41666667,0.25
788,0.16,0.02,0.05,0.108,I,2.5,1,30.41666667,0.25
789,0.16,0.02,0.05,0.108,I,2.5,1,30.41666667,0.25
790,0.16,0.02,0.05,0.108,I,2.5,1,30.41666667,0.25
791,0.16,0.02,0.05,0.108,I,2.5,1,30.41666667,0.25
792,0.16,0.02,0.05,0.108,I,2.5,1,30.41666667,0.25
793,0.16,0.02,0.05,0.108,I,2.5,1,30.41666667,0.25
794,0.16,0.02,0.05,0.108,I,2.5,1,30.41666667,0.25
795,0.16,0.02,0.05,0.108,I,2.5,1,30.41666667,0.25
796,0.16,0.02,0.05,0.108,I,2.5,1,30.41666667,0.25
797,0.16,0.02,0.05,0.108,I,2.5,1,30.41666667,0.25
798,0.16,0.02,0.05,0.108,I,2.5,1,30.41666667,0.25
799,0.16,0.02,0.05,0.108,I,2.5,1,30.41666667,0.25
800,0.16,0.02,0.05,0.108,I,2.5,1,30.41666667,0.25
801,0.16,0.02,0.05,0.108,I,2.5,1,30.41666667,0.25
802,0.16,0.02,0.05,0.108,I,2.5,1,30.41666667,0.25
803,0.16,0.02,0.05,0.108,I,2.5,1,30.41666667,0.25
804,0.16,0.02,0.05,0.108,I,2.5,1,30.41666667,0.25
805,0.16,0.02,0.05,0.108,I,2.5,1,30.41666667,0.25
806,0.16,0.02,0.05,0.108,I,2.5,1,30.41666667,0.25
807,0.16,0.02,0.05,0.108,I,2.5,1,30.41666667,0.25
808,0.16,0.02,0.05,0.108,I,2.5,1,30.41666667,0.25
809,0.16,0.02,0.05,0.108,I,2.5,1,30.41666667,0.25
810,0.16,0.02,0.05,0.108,I,2.5,1,30.41666667,0.25
811,0.16,0.02,0.05,0.108,I,2.5,1,30.41666667,0.25
812,0.16,0.02,0.05,0.108,I,2.5,1,30.41666667,0.25
813,0.16,0.02,0.05,0.108,I,2.5,1,30.41666667,0.25
814,0.16,0.02,0.05,0.108,I,2.5,1,30.41666667,0.25
815,0.16,0.02,0.05,0.108,I,2.5,1,30.41666667,0.25
816,0.16,0.02,0.05,0.108,I,2.5,1,30.41666667,0.25
817,0.16,0.02,0.05,0.108,I,2.5,1,30.41666667,0.25
818,0.16,0.02,0.05,0.108,I,2.5,1,30.41666667,0.25
819,0.16,0.02,0.05,0.108,I,2.5,1,30.41666667,0.25
820,0.16,0.02,0.05,0.108,I,2.5,1,30.41666667,0.25
821,0.16,0.02,0.05,0.108,I,2.5,1,30.41666667,0.25
822,0.16,0.02,0.05,0.108,I,2.5,1,30.41666667,0.25
823,0.16,0.02,0.05,0.108,I,2.5,1,30.41666667,0.25
824,0.16,0.02,0.05,0.108,I,2.5,1,30.41666667,0.25
825,0.16,0.02,0.05,0.108,I,2.5,1,30.41666667,0.25
826,0.16,0.02,0.05,0.108,I,2.5,1,30.41666667,0.25
827,0.16,0.02,0.05,0.108,I,2.5,1,30.41666667,0.25
828,0.16,0.02,0.05,0.108,I,2.5,1,30.41666667,0.25
829,0.16,0.02,0.05,0.108,I,2.5,1,30.41666667,0.25
830,0.16,0.02,0.05,0.108,I,2.5,1,30.41666667,0.25
831,0.16,0.02,0.05,0.108,I,2.5,1,30.41666667,0.25
832,0.16,0.02,0.05,0.108,I,2.5,1,30.41666667,0.25
833,0.16,0.02,0.05,0.108,I,2.5,1,30.41666667,0.25
834,0.16,0.02,0.05,0.108,I,2.5,1,30.41666667,0.25
835,0.16,0.02,0.05,0.108,I,2.5,1,30.41666667,0.25
836,0.16,0.02,0.05,0.108,I,2.5,1,30.41666667,0.25
837,0.16,0.02,0.05,0.108,I,2.5,1,30.41666667,0.25
838,0.16,0.02,0.05,0.108,I,2.5,1,30.41666667,0.25
839,0.16,0.02,0.05,0.108,I,2.5,1,30.41666667,0.25
840,0.16,0.02,0.05,0.108,I,2.5,1,30.41666667,0.25
841,0.16,0.02,0.05,0.108,I,2.5,1,30.41666667,0.25
842,0.16,0.02,0.05,0.108,I,2.5,1,30.41666667,0.25
843,0.16,0.02,0.05,0.108,I,2.5,1,30.41666667,0.25
844,0.16,0.02,0.05,0.108,I,2.5,1,30.41666667,0.25
845,0.16,0.02,0.05,0.108,I,2.5,1,30.41666667,0.25
846,0.16,0.02,0.05,0.108,I,2.5,1,30.41666667,0.25
847,0.16,0.02,0.05,0.108,I,2.5,1,30.41666667,0.25
848,0.16,0.02,0.05,0.108,I,2.5,1,30.41666667,0.25
849,0.16,0.02,0.05,0.108,I,2.5,1,30.41666667,0.25
850,0.16,0.02,0.05,0.108,I,2.5,1,30.41666667,0.25
851,0.16,0.02,0.05,0.108,I,2.5,1,30.41666667,0.25
852,0.16,0.02,0.05,0.108,I,2.5,1,30.41666667,0.25
853,0.16,0.02,0.05,0.108,I,2.5,1,30.41666667,0.25
854,0.16,0.02,0.05,0.108,I,2.5,1,30.41666667,0.25
855,0.16,0.02,0.05,0.108,I,2.5,1,30.41666667,0.25
856,0.16,0.02,0.05,0.108,I,2.5,1,30.41666667,0.25
857,0.16,0.02,0.05,0.108,I,2.5,1,30.41666667,0.25
858,0.16,0.02,0.05,0.108,I,2.5,1,30.41666667,0.25
859,0.16,0.02,0.05,0.108,I,2.5,1,30.41666667,0.25
860,0.16,0.02,0.05,0.108,I,2.5,1,30.41666667,0.25
861,0.16,0.02,0.05,0.108,I,2.5,1,30.41666667,0.25
862,0.16,0.02,0.05,0.108,I,2.5,1,30.41666667,0.25
863,0.16,0.02,0.05,0.108,I,2.5,1,30.41666667,0.25
864,0.16,0.02,0.05,0.108,I,2.5,1,30.41666667,0.25
865,0.16,0.02,0.05,0.108,J,2.5,1,30.41666667,0.25
866,0.16,0.02,0.05,0.108,J,2.5,1,30.41666667,0.25
867,0.16,0.02,0.05,0.108,J,2.5,1,30.41666667,0.25
868,0.16,0.02,0.05,0.108,J,2.5,1,30.41666667,0.25
869,0.16,0.02,0.05,0.108,J,2.5,1,30.41666667,0.25
870,0.16,0.02,0.05,0.108,J,2.5,1,30.41666667,0.25
871,0.16,0.02,0.05,0.108,J,2.5,1,30.41666667,0.25
872,0.16,0.02,0.05,0.108,J,2.5,1,30.41666667,0.25
873,0.16,0.02,0.05,0.108,J,2.5,1,30.41666667,0.25
874,0.16,0.02,0.05,0.108,J,2.5,1,30.41666667,0.25
875,0.16,0.02,0.05,0.108,J,2.5,1,30.41666667,0.25
876,0.16,0.02,0.05,0.108,J,2.5,1,30.41666667,0.25
877,0.16,0.02,0.05,0.108,J,2.5,1,30.41666667,0.25
878,0.16,0.02,0.05,0.108,J,2.5,1,30.41666667,0.25
879,0.16,0.02,0.05,0.108,J,2.5,1,30.41666667,0.25
880,0.16,0.02,0.05,0.108,J,2.5,1,30.41666667,0.25
881,0.16,0.02,0.05,0.108,J,2.5,1,30.41666667,0.25
882,0.16,0.02,0.05,0.108,J,2.5,1,30.41666667,0.25
883,0.16,0.02,0.05,0.108,J,2.5,1,30.41666667,0.25
884,0.16,0.02,0.05,0.108,J,2.5,1,30.41666667,0.25
885,0.16,0.02,0.05,0.108,J,2.5,1,30.41666667,0.25
886,0.16,0.02,0.05,0.108,J,2.5,1,30.41666667,0.25
887,0.16,0.02,0.05,0.108,J,2.5,1,30.41666667,0.25
888,0.16,0.02,0.05,0.108,J,2.5,1,30.41666667,0.25
889,0.16,0.02,0.05,0.108,J,2.5,1,30.41666667,0.25
890,0.16,0.02,0.05,0.108,J,2.5,1,30.41666667,0.25
891,0.16,0.02,0.05,0.108,J,2.5,1,30.41666667,0.25
892,0.16,0.02,0.05,0.108,J,2.5,1,30.41666667,0.25
893,0.16,0.02,0.05,0.108,J,2.5,1,30.41666667,0.25
894,0.16,0.02,0.05,0.108,J,2.5,1,30.41666667,0.25
895,0.16,0.02,0.05,0.108,J,2.5,1,30.41666667,0.25
896,0.16,0.02,0.05,0.108,J,2.5,1,30.41666667,0.25
897,0.16,0.02,0.05,0.108,J,2.5,1,30.41666667,0.25
898,0.16,0.02,0.05,0.108,J,2.5,1,30.41666667,0.25
899,0.16,0.02,0.05,0.108,J,2.5,1,30.41666667,0.25
900,0.16,0.02,0.05,0.108,J,2.5,1,30.41666667,0.25
901,0.16,0.02,0.05,0.108,J,2.5,1,30.41666667,0.25
902,0.16,0.02,0.05,0.108,J,2.5,1,30.41666667,0.25
903,0.16,0.02,0.05,0.108,J,2.5,1,30.41666667,0.25
904,0.16,0.02,0.05,0.108,J,2.5,1,30.41666667,0.25
905,0.16,0.02,0.05,0.108,J,2.5,1,30.41666667,0.25
906,0.16,0.02,0.05,0.108,J,2.5,1,30.41666667,0.25
907,0.16,0.02,0.05,0.108,J,2.5,1,30.41666667,0.25
908,0.16,0.02,0.05,0.108,J,2.5,1,30.41666667,0.25
909,0.16,0.02,0.05,0.108,J,2.5,1,30.41666667,0.25
910,0.16,0.02,0.05,0.108,J,2.5,1,30.41666667,0.25
911,0.16,0.02,0.05,0.108,J,2.5,1,30.41666667,0.25
912,0.16,0.02,0.05,0.108,J,2.5,1,30.41666667,0.25
913,0.16,0.02,0.05,0.108,J,2.5,1,30.41666667,0.25
914,0.16,0.02,0.05,0.108,J,2.5,1,30.41666667,0.25
915,0.16,0.02,0.05,0.108,J,2.5,1,30.41666667,0.25
916,0.16,0.02,0.05,0.108,J,2.5,1,30.41666667,0.25
917,0.16,0.02,0.05,0.108,J,2.5,1,30.41666667,0.25
918,0.16,0.02,0.05,0.108,J,2.5,1,30.41666667,0.25
919,0.16,0.02,0.05,0.108,J,2.5,1,30.41666667,0.25
920,0.16,0.02,0.05,0.108,J,2.5,1,30.41666667,0.25
921,0.16,0.02,0.05,0.108,J,2.5,1,30.41666667,0.25
922,0.16,0.02,0.05,0.108,J,2.5,1,30.41666667,0.25
923,0.16,0.02,0.05,0.108,J,2.5,1,30.41666667,0.25
924,0.16,0.02,0.05,0.108,J,2.5,1,30.41666667,0.25
925,0.16,0.02,0.05,0.108,J,2.5,1,30.41666667,0.25
926,0.16,0.02,0.05,0.108,J,2.5,1,30.41666667,0.25
927,0.16,0.02,0.05,0.108,J,2.5,1,30.41666667,0.25
928,0.16,0.02,0.05,0.108,J,2.5,1,30.41666667,0.25
929,0.16,0.02,0.05,0.108,J,2.5,1,30.41666667,0.25
930,0.16,0.02,0.05,0.108,J,2.5,1,30.41666667,0.25
931,0.16,0.02,0.05,0.108,J,2.5,1,30.41666667,0.25
932,0.16,0.02,0.05,0.108,J,2.5,1,30.41666667,0.25
933,0.16,0.02,0.05,0.108,J,2.5,1,30.41666667,0.25
934,0.16,0.02,0.05,0.108,J,2.5,1,30.41666667,0.25
935,0.16,0.02,0.05,0.108,J,2.5,1,30.41666667,0.25
936,0.16,0.02,0.05,0.108,J,2.5,1,30.41666667,0.25
937,0.16,0.02,0.05,0.108,J,2.5,1,30.41666667,0.25
938,0.16,0.02,0.05,0.108,J,2.5,1,30.41666667,0.25
939,0.16,0.02,0.05,0.108,J,2.5,1,30.41666667,0.25
940,0.16,0.02,0.05,0.108,J,2.5,1,30.41666667,0.25
941,0.16,0.02,0.05,0.108,J,2.5,1,30.41666667,0.25
942,0.16,0.02,0.05,0.108,J,2.5,1,30.41666667,0.25
943,0.16,0.02,0.05,0.108,J,2.5,1,30.41666667,0.25
944,0.16,0.02,0.05,0.108,J,2.5,1,30.41666667,0.25
945,0.16,0.02,0.05,0.108,J,2.5,1,30.41666667,0.25
946,0.16,0.02,0.05,0.108,J,2.5,1,30.41666667,0.25
947,0.16,0.02,0.05,0.108,J,2.5,1,30.41666667,0.25
948,0.16,0.02,0.05,0.108,J,2.5,1,30.41666667,0.25
949,0.16,0.02,0.05,0.108,J,2.5,1,30.41666667,0.25
950,0.16,0.02,0.05,0.108,J,2.5,1,30.41666667,0.25
951,0.16,0.02,0.05,0.108,J,2.5,1,30.41666667,0.25
952,0.16,0.02,0.05,0.108,J,2.5,1,30.41666667,0.25
953,0.16,0.02,0.05,0.108,J,2.5,1,30.41666667,0.25
954,0.16,0.02,0.05,0.108,J,2.5,1,30.41666667,0.25
955,0.16,0.02,0.05,0.108,J,2.5,1,30.41666667,0.25
956,0.16,0.02,0.05,0.108,J,2.5,1,30.41666667,0.25
957,0.16,0.02,0.05,0.108,J,2.5,1,30.41666667,0.25
958,0.16,0.02,0.05,0.108,J,2.5,1,30.41666667,0.25
959,0.16,0.02,0.05,0.108,J,2.5,1,30.41666667,0.25
960,0.16,0.02,0.05,0.108,J,2.5,1,30.41666667,0.25
961,0.16,0.02,0.05,0.108,K,2.5,1,30.41666667,0.25
962,0.16,0.02,0.05,0.108,K,2.5,1,30.41666667,0.25
963,0.16,0.02,0.05,0.108,K,2.5,1,30.41666667,0.25
964,0.16,0.02,0.05,0.108,K,2.5,1,30.41666667,0.25
965,0.16,0.02,0.05,0.108,K,2.5,1,30.41666667,0.25
966,0.16,0.02,0.05,0.108,K,2.5,1,30.41666667,0.25
967,0.16,0.02,0.05,0.108,K,2.5,1,30.41666667,0.25
968,0.16,0.02,0.05,0.108,K,2.5,1,30.41666667,0.25
969,0.16,0.02,0.05,0.108,K,2.5,1,30.41666667,0.25
970,0.16,0.02,0.05,0.108,K,2.5,1,30.41666667,0.25
971,0.16,0.02,0.05,0.108,K,2.5,1,30.41666667,0.25
972,0.16,0.02,0.05,0.108,K,2.5,1,30.41666667,0.25
973,0.16,0.02,0.05,0.108,K,2.5,1,30.41666667,0.25
974,0.16,0.02,0.05,0.108,K,2.5,1,30.41666667,0.25
975,0.16,0.02,0.05,0.108,K,2.5,1,30.41666667,0.25
976,0.16,0.02,0.05,0.108,K,2.5,1,30.41666667,0.25
977,0.16,0.02,0.05,0.108,K,2.5,1,30.41666667,0.25
978,0.16,0.02,0.05,0.108,K,2.5,1,30.41666667,0.25
979,0.16,0.02,0.05,0.108,K,2.5,1,30.41666667,0.25
980,0.16,0.02,0.05,0.108,K,2.5,1,30.41666667,0.25
981,0.16,0.02,0.05,0.108,K,2.5,1,30.41666667,0.25
982,0.16,0.02,0.05,0.108,K,2.5,1,30.41666667,0.25
983,0.16,0.02,0.05,0.108,K,2.5,1,30.41666667,0.25
984,0.16,0.02,0.05,0.108,K,2.5,1,30.41666667,0.25
985,0.16,0.02,0.05,0.108,K,2.5,1,30.41666667,0.25
986,0.16,0.02,0.05,0.108,K,2.5,1,30.41666667,0.25
987,0.16,0.02,0.05,0.108,K,2.5,1,30.41666667,0.25
988,0.16,0.02,0.05,0.108,K,2.5,1,30.41666667,0.25
989,0.16,0.02,0.05,0.108,K,2.5,1,30.41666667,0.25
990,0.16,0.02,0.05,0.108,K,2.5,1,30.41666667,0.25
991,0.16,0.02,0.05,0.108,K,2.5,1,30.41666667,0.25
992,0.16,0.02,0.05,0.108,K,2.5,1,30.41666667,0.25
993,0.16,0.02,0.05,0.108,K,2.5,1,30.41666667,0.25
994,0.16,0.02,0.05,0.108,K,2.5,1,30.41666667,0.25
995,0.16,0.02,0.05,0.108,K,2.5,1,30.41666667,0.25
996,0.16,0.02,0.05,0.108,K,2.5,1,30.41666667,0.25
997,0.16,0.02,0.05,0.108,K,2.5,1,30.41666667,0.25
998,0.16,0.02,0.05,0.108,K,2.5,1,30.41666667,0.25
999,0.16,0.02,0.05,0.108,K,2.5,1,30.41666667,0.25
1000,0.16,0.02,0.05,0.108,K,2.5,1,30.41666667,0.25
1001,0.16,0.02,0.05,0.108,K,2.5,1,30.41666667,0.25
1002,0.16,0.02,0.05,0.108,K,2.5,1,30.41666667,0.25
1003,0.16,0.02,0.05,0.108,K,2.5,1,30.41666667,0.25
1004,0.16,0.02,0.05,0.108,K,2.5,1,30.41666667,0.25
1005,0.16,0.02,0.05,0.108,K,2.5,1,30.41666667,0.25
1006,0.16,0.02,0.05,0.108,K,2.5,1,30.41666667,0.25
1007,0.16,0.02,0.05,0.108,K,2.5,1,30.41666667,0.25
1008,0.16,0.02,0.05,0.108,K,2.5,1,30.41666667,0.25
1009,0.16,0.02,0.05,0.108,K,2.5,1,30.41666667,0.25
1010,0.16,0.02,0.05,0.108,K,2.5,1,30.41666667,0.25
1011,0.16,0.02,0.05,0.108,K,2.5,1,30.41666667,0.25
1012,0.16,0.02,0.05,0.108,K,2.5,1,30.41666667,0.25
1013,0.16,0.02,0.05,0.108,K,2.5,1,30.41666667,0.25
1014,0.16,0.02,0.05,0.108,K,2.5,1,30.41666667,0.25
1015,0.16,0.02,0.05,0.108,K,2.5,1,30.41666667,0.25
1016,0.16,0.02,0.05,0.108,K,2.5,1,30.41666667,0.25
1017,0.16,0.02,0.05,0.108,K,2.5,1,30.41666667,0.25
1018,0.16,0.02,0.05,0.108,K,2.5,1,30.41666667,0.25
1019,0.16,0.02,0.05,0.108,K,2.5,1,30.41666667,0.25
1020,0.16,0.02,0.05,0.108,K,2.5,1,30.41666667,0.25
1021,0.16,0.02,0.05,0.108,K,2.5,1,30.41666667,0.25
1022,0.16,0.02,0.05,0.108,K,2.5,1,30.41666667,0.25
1023,0.16,0.02,0.05,0.108,K,2.5,1,30.41666667,0.25
1024,0.16,0.02,0.05,0.108,K,2.5,1,30.41666667,0.25
1025,0.16,0.02,0.05,0.108,K,2.5,1,30.41666667,0.25
1026,0.16,0.02,0.05,0.108,K,2.5,1,30.41666667,0.25
1027,0.16,0.02,0.05,0.108,K,2.5,1,30.41666667,0.25
1028,0.16,0.02,0.05,0.108,K,2.5,1,30.41666667,0.25
1029,0.16,0.02,0.05,0.108,K,2.5,1,30.41666667,0.25
1030,0.16,0.02,0.05,0.108,K,2.5,1,30.41666667,0.25
1031,0.16,0.02,0.05,0.108,K,2.5,1,30.41666667,0.25
1032,0.16,0.02,0.05,0.108,K,2.5,1,30.41666667,0.25
1033,0.16,0.02,0.05,0.108,K,2.5,1,30.41666667,0.25
1034,0.16,0.02,0.05,0.108,K,2.5,1,30.41666667,0.25
1035,0.16,0.02,0.05,0.108,K,2.5,1,30.41666667,0.25
1036,0.16,0.02,0.05,0.108,K,2.5,1,30.41666667,0.25
1037,0.16,0.02,0.05,0.108,K,2.5,1,30.41666667,0.25
1038,0.16,0.02,0.05,0.108,K,2.5,1,30.41666667,0.25
1039,0.16,0.02,0.05,0.108,K,2.5,1,30.41666667,0.25
1040,0.16,0.02,0.05,0.108,K,2.5,1,30.41666667,0.25
1041,0.16,0.02,0.05,0.108,K,2.5,1,30.41666667,0.25
1042,0.16,0.02,0.05,0.108,K,2.5,1,30.41666667,0.25
1043,0.16,0.02,0.05,0.108,K,2.5,1,30.41666667,0.25
1044,0.16,0.02,0.05,0.108,K,2.5,1,30.41666667,0.25
1045,0.16,0.02,0.05,0.108,K,2.5,1,30.41666667,0.25
1046,0.16,0.02,0.05,0.108,K,2.5,1,30.41666667,0.25
1047,0.16,0.02,0.05,0.108,K,2.5,1,30.41666667,0.25
1048,0.16,0.02,0.05,0.108,K,2.5,1,30.41666667,0.25
1049,0.16,0.02,0.05,0.108,K,2.5,1,30.41666667,0.25
1050,0.16,0.02,0.05,0.108,K,2.5,1,30.41666667,0.25
1051,0.16,0.02,0.05,0.108,K,2.5,1,30.41666667,0.25
1052,0.16,0.02,0.05,0.108,K,2.5,1,30.41666667,0.25
1053,0.16,0.02,0.05,0.108,K,2.5,1,30.41666667,0.25
1054,0.16,0.02,0.05,0.108,K,2.5,1,30.41666667,0.25
1055,0.16,0.02,0.05,0.108,K,2.5,1,30.41666667,0.25
1056,0.16,0.02,0.05,0.108,K,2.5,1,30.41666667,0.25
1057,0.16,0.02,0.05,0.108,L,2.5,1,30.41666667,0.25
1058,0.16,0.02,0.05,0.108,L,2.5,1,30.41666667,0.25
1059,0.16,0.02,0.05,0.108,L,2.5,1,30.41666667,0.25
1060,0.16,0.02,0.05,0.108,L,2.5,1,30.41666667,0.25
1061,0.16,0.02,0.05,0.108,L,2.5,1,30.41666667,0.25
1062,0.16,0.02,0.05,0.108,L,2.5,1,30.41666667,0.25
1063,0.16,0.02,0.05,0.108,L,2.5,1,30.41666667,0.25
1064,0.16,0.02,0.05,0.108,L,2.5,1,30.41666667,0.25
1065,0.16,0.02,0.05,0.108,L,2.5,1,30.41666667,0.25
1066,0.16,0.02,0.05,0.108,L,2.5,1,30.41666667,0.25
1067,0.16,0.02,0.05,0.108,L,2.5,1,30.41666667,0.25
1068,0.16,0.02,0.05,0.108,L,2.5,1,30.41666667,0.25
1069,0.16,0.02,0.05,0.108,L,2.5,1,30.41666667,0.25
1070,0.16,0.02,0.05,0.108,L,2.5,1,30.41666667,0.25
1071,0.16,0.02,0.05,0.108,L,2.5,1,30.41666667,0.25
1072,0.16,0.02,0.05,0.108,L,2.5,1,30.41666667,0.25
1073,0.16,0.02,0.05,0.108,L,2.5,1,30.41666667,0.25
1074,0.16,0.02,0.05,0.108,L,2.5,1,30.41666667,0.25
1075,0.16,0.02,0.05,0.108,L,2.5,1,30.41666667,0.25
1076,0.16,0.02,0.05,0.108,L,2.5,1,30.41666667,0.25
1077,0.16,0.02,0.05,0.108,L,2.5,1,30.41666667,0.25
1078,0.16,0.02,0.05,0.108,L,2.5,1,30.41666667,0.25
1079,0.16,0.02,0.05,0.108,L,2.5,1,30.41666667,0.25
1080,0.16,0.02,0.05,0.108,L,2.5,1,30.41666667,0.25
1081,0.16,0.02,0.05,0.108,L,2.5,1,30.41666667,0.25
1082,0.16,0.02,0.05,0.108,L,2.5,1,30.41666667,0.25
1083,0.16,0.02,0.05,0.108,L,2.5,1,30.41666667,0.25
1084,0.16,0.02,0.05,0.108,L,2.5,1,30.41666667,0.25
1085,0.16,0.02,0.05,0.108,L,2.5,1,30.41666667,0.25
1086,0.16,0.02,0.05,0.108,L,2.5,1,30.41666667,0.25
1087,0.16,0.02,0.05,0.108,L,2.5,1,30.41666667,0.25
1088,0.16,0.02,0.05,0.108,L,2.5,1,30.41666667,0.25
1089,0.16,0.02,0.05,0.108,L,2.5,1,30.41666667,0.25
1090,0.16,0.02,0.05,0.108,L,2.5,1,30.41666667,0.25
1091,0.16,0.02,0.05,0.108,L,2.5,1,30.41666667,0.25
1092,0.16,0.02,0.05,0.108,L,2.5,1,30.41666667,0.25
1093,0.16,0.02,0.05,0.108,L,2.5,1,30.41666667,0.25
1094,0.16,0.02,0.05,0.108,L,2.5,1,30.41666667,0.25
1095,0.16,0.02,0.05,0.108,L,2.5,1,30.41666667,0.25
1096,0.16,0.02,0.05,0.108,L,2.5,1,30.41666667,0.25
1097,0.16,0.02,0.05,0.108,L,2.5,1,30.41666667,0.25
1098,0.16,0.02,0.05,0.108,L,2.5,1,30.41666667,0.25
1099,0.16,0.02,0.05,0.108,L,2.5,1,30.41666667,0.25
1100,0.16,0.02,0.05,0.108,L,2.5,1,30.41666667,0.25
1101,0.16,0.02,0.05,0.108,L,2.5,1,30.41666667,0.25
1102,0.16,0.02,0.05,0.108,L,2.5,1,30.41666667,0.25
1103,0.16,0.02,0.05,0.108,L,2.5,1,30.41666667,0.25
1104,0.16,0.02,0.05,0.108,L,2.5,1,30.41666667,0.25
1105,0.16,0.02,0.05,0.108,L,2.5,1,30.41666667,0.25
1106,0.16,0.02,0.05,0.108,L,2.5,1,30.41666667,0.25
1107,0.16,0.02,0.05,0.108,L,2.5,1,30.41666667,0.25
1108,0.16,0.02,0.05,0.108,L,2.5,1,30.41666667,0.25
1109,0.16,0.02,0.05,0.108,L,2.5,1,30.41666667,0.25
1110,0.16,0.02,0.05,0.108,L,2.5,1,30.41666667,0.25
1111,0.16,0.02,0.05,0.108,L,2.5,1,30.41666667,0.25
1112,0.16,0.02,0.05,0.108,L,2.5,1,30.41666667,0.25
1113,0.16,0.02,0.05,0.108,L,2.5,1,30.41666667,0.25
1114,0.16,0.02,0.05,0.108,L,2.5,1,30.41666667,0.25
1115,0.16,0.02,0.05,0.108,L,2.5,1,30.41666667,0.25
1116,0.16,0.02,0.05,0.108,L,2.5,1,30.41666667,0.25
1117,0.16,0.02,0.05,0.108,L,2.5,1,30.41666667,0.25
1118,0.16,0.02,0.05,0.108,L,2.5,1,30.41666667,0.25
1119,0.16,0.02,0.05,0.108,L,2.5,1,30.41666667,0.25
1120,0.16,0.02,0.05,0.108,L,2.5,1,30.41666667,0.25
1121,0.16,0.02,0.05,0.108,L,2.5,1,30.41666667,0.25
1122,0.16,0.02,0.05,0.108,L,2.5,1,30.41666667,0.25
1123,0.16,0.02,0.05,0.108,L,2.5,1,30.41666667,0.25
1124,0.16,0.02,0.05,0.108,L,2.5,1,30.41666667,0.25
1125,0.16,0.02,0.05,0.108,L,2.5,1,30.41666667,0.25
1126,0.16,0.02,0.05,0.108,L,2.5,1,30.41666667,0.25
1127,0.16,0.02,0.05,0.108,L,2.5,1,30.41666667,0.25
1128,0.16,0.02,0.05,0.108,L,2.5,1,30.41666667,0.25
1129,0.16,0.02,0.05,0.108,L,2.5,1,30.41666667,0.25
1130,0.16,0.02,0.05,0.108,L,2.5,1,30.41666667,0.25
1131,0.16,0.02,0.05,0.108,L,2.5,1,30.41666667,0.25
1132,0.16,0.02,0.05,0.108,L,2.5,1,30.41666667,0.25
1133,0.16,0.02,0.05,0.108,L,2.5,1,30.41666667,0.25
1134,0.16,0.02,0.05,0.108,L,2.5,1,30.41666667,0.25
1135,0.16,0.02,0.05,0.108,L,2.5,1,30.41666667,0.25
1136,0.16,0.02,0.05,0.108,L,2.5,1,30.41666667,0.25
1137,0.16,0.02,0.05,0.108,L,2.5,1,30.41666667,0.25
1138,0.16,0.02,0.05,0.108,L,2.5,1,30.41666667,0.25
1139,0.16,0.02,0.05,0.108,L,2.5,1,30.41666667,0.25
1140,0.16,0.02,0.05,0.108,L,2.5,1,30.41666667,0.25
1141,0.16,0.02,0.05,0.108,L,2.5,1,30.41666667,0.25
1142,0.16,0.02,0.05,0.108,L,2.5,1,30.41666667,0.25
1143,0.16,0.02,0.05,0.108,L,2.5,1,30.41666667,0.25
1144,0.16,0.02,0.05,0.108,L,2.5,1,30.41666667,0.25
1145,0.16,0.02,0.05,0.108,L,2.5,1,30.41666667,0.25
1146,0.16,0.02,0.05,0.108,L,2.5,1,30.41666667,0.25
1147,0.16,0.02,0.05,0.108,L,2.5,1,30.41666667,0.25
1148,0.16,0.02,0.05,0.108,L,2.5,1,30.41666667,0.25
1149,0.16,0.02,0.05,0.108,L,2.5,1,30.41666667,0.25
1150,0.16,0.02,0.05,0.108,L,2.5,1,30.41666667,0.25
1151,0.16,0.02,0.05,0.108,L,2.5,1,30.41666667,0.25
1152,0.16,0.02,0.05,0.108,L,2.5,1,30.41666667,0.25
